case_id,outcome,predicted_outcome,prediction_confidence
CASE_0001,Dismissed,Dismissed,0.49695138972916425
CASE_0002,Plea Agreement,Guilty,0.42802018277195125
CASE_0003,Acquitted,Acquitted,0.561731884057971
CASE_0004,Mistrial,Mistrial,0.5421384813443636
CASE_0005,Plea Agreement,Plea Agreement,0.5456192468447274
CASE_0006,Guilty,Guilty,0.8381242516957296
CASE_0007,Acquitted,Acquitted,0.41837817616594397
CASE_0008,Dismissed,Dismissed,0.48878985507246375
CASE_0009,Dismissed,Dismissed,0.4431149585708409
CASE_0010,Guilty,Guilty,0.4795898135502064
CASE_0011,Mistrial,Mistrial,0.39371356773279337
CASE_0012,Dismissed,Dismissed,0.5647213422509524
CASE_0013,Plea Agreement,Plea Agreement,0.6494301994301993
CASE_0014,Acquitted,Acquitted,0.5049549841550215
CASE_0015,Acquitted,Acquitted,0.6818852073852074
CASE_0016,Acquitted,Acquitted,0.4326631607052256
CASE_0017,Acquitted,Acquitted,0.7932070707070707
CASE_0018,Guilty,Guilty,0.49150379300638525
CASE_0019,Guilty,Guilty,0.5563142639206712
CASE_0020,Plea Agreement,Plea Agreement,0.6531787395775795
CASE_0021,Guilty,Guilty,0.5344922621014289
CASE_0022,Guilty,Guilty,0.4758460289550286
CASE_0023,Guilty,Guilty,0.4024308602904807
CASE_0024,Dismissed,Dismissed,0.38784726303744166
CASE_0025,Guilty,Guilty,0.540149126292199
CASE_0026,Acquitted,Acquitted,0.4825868252473112
CASE_0027,Plea Agreement,Plea Agreement,0.4858763344090754
CASE_0028,Acquitted,Acquitted,0.558420780507737
CASE_0029,Guilty,Guilty,0.6775087948620402
CASE_0030,Dismissed,Dismissed,0.47044057328987654
CASE_0031,Dismissed,Dismissed,0.42441536568007154
CASE_0032,Guilty,Guilty,0.6748159859464207
CASE_0033,Guilty,Guilty,0.7365023808129889
CASE_0034,Dismissed,Dismissed,0.44120492349292817
CASE_0035,Mistrial,Mistrial,0.648297220323536
CASE_0036,Plea Agreement,Plea Agreement,0.5803016591251885
CASE_0037,Guilty,Guilty,0.6164765331238125
CASE_0038,Plea Agreement,Plea Agreement,0.5852542225800403
CASE_0039,Guilty,Guilty,0.746008438340549
CASE_0040,Guilty,Guilty,0.6188249934030334
CASE_0041,Guilty,Guilty,0.8048159859464207
CASE_0042,Dismissed,Dismissed,0.612437743812705
CASE_0043,Guilty,Acquitted,0.4105307489706467
CASE_0044,Dismissed,Dismissed,0.5188067914317527
CASE_0045,Acquitted,Acquitted,0.46467939782010687
CASE_0046,Mistrial,Mistrial,0.35001726533382616
CASE_0047,Plea Agreement,Plea Agreement,0.4997497598931971
CASE_0048,Acquitted,Acquitted,0.5519817304266528
CASE_0049,Acquitted,Acquitted,0.4105307489706467
CASE_0050,Plea Agreement,Plea Agreement,0.5458718682651732
CASE_0051,Plea Agreement,Plea Agreement,0.4311004264526737
CASE_0052,Guilty,Guilty,0.47591897404735717
CASE_0053,Mistrial,Mistrial,0.542572463768116
CASE_0054,Mistrial,Mistrial,0.47364102564102567
CASE_0055,Acquitted,Acquitted,0.7142163620693032
CASE_0056,Acquitted,Acquitted,0.44439868292097096
CASE_0057,Plea Agreement,Plea Agreement,0.5122393456381857
CASE_0058,Mistrial,Mistrial,0.6232972203235362
CASE_0059,Guilty,Guilty,0.5399560358821526
CASE_0060,Acquitted,Acquitted,0.6182888772733974
CASE_0061,Plea Agreement,Plea Agreement,0.6633260522848624
CASE_0062,Acquitted,Acquitted,0.8294800175669741
CASE_0063,Acquitted,Acquitted,0.5771863667733232
CASE_0064,Acquitted,Acquitted,0.715
CASE_0065,Dismissed,Dismissed,0.4978865294686517
CASE_0066,Dismissed,Dismissed,0.6607766790709951
CASE_0067,Acquitted,Acquitted,0.8166666666666665
CASE_0068,Guilty,Guilty,0.6817528951777517
CASE_0069,Guilty,Guilty,0.6643399379702395
CASE_0070,Dismissed,Dismissed,0.5763222821607158
CASE_0071,Dismissed,Dismissed,0.7407564882866221
CASE_0072,Plea Agreement,Plea Agreement,0.6554479404047464
CASE_0073,Dismissed,Dismissed,0.4581418349660862
CASE_0074,Mistrial,Mistrial,0.6044816003557422
CASE_0075,Guilty,Guilty,0.6268280049141887
