case_id,title,year,region,court,crime,facts,legal_issues,outcome,confidence,judge,prosecution,defense,sentence_months,appeal_filed,sentiment
CASE_0001,Southeast vs Burglary Case 1,2019,Southeast,District Court,Burglary,Multiple witnesses testified that they saw the defendant leaving at the location of the alleged burglary. The defendant's phone records show location data consistent with prosecution's timeline. Defendant claims alibi but witnesses contradict this account.,"Eyewitness testimony reliability, Digital forensics, Alibi defense, Search and seizure",Dismissed,0.84,Judge_5,Prosecutor_14,Attorney_20,0,Yes,Unfavorable
CASE_0002,Central vs Racketeering Case 2,2018,Central,Federal Court,Racketeering,Defendant was arrested with stolen goods seconds after the alleged racketeering. Forensic analysis shows defendant's fingerprints on the stolen goods. Defendant's clothing contained residue consistent with the crime scene.,"Circumstantial evidence, Forensic analysis, Timeline analysis, Expert witness qualification",Plea Agreement,0.79,Judge_7,Prosecutor_24,Attorney_25,0,Yes,Unfavorable
CASE_0003,South vs Rape Case 3,2020,South,District Court,Rape,"Witness testimony alleges defendant committed rape in presence of multiple people. Police body camera captures defendant's initial confession on scene. Defendant later recants statement, claiming coercion.","Confession validity, Miranda Rights, Police conduct, Right to counsel",Acquitted,0.91,Judge_33,Prosecutor_28,Attorney_12,0,No,Favorable
CASE_0004,Midwest vs Arson Case 4,2020,Midwest,Superior Court,Arson,The defendant was found in possession of arson materials near the victim's residence. Security footage showed the defendant at the crime scene at 3:00 AM. DNA evidence from the scene matched the defendant's profile with 99.9% accuracy.,"arson charges, Evidence admissibility, Chain of custody, Inadmissible hearsay",Mistrial,0.72,Judge_18,Prosecutor_2,Attorney_17,0,No,Favorable
CASE_0005,Northeast vs Racketeering Case 5,2018,Northeast,Federal Court,Racketeering,Multiple witnesses testified that they saw the defendant leaving at the location of the alleged racketeering. The defendant's phone records show location data consistent with prosecution's timeline. Defendant claims alibi but witnesses contradict this account.,"Eyewitness testimony reliability, Digital forensics, Alibi defense, Burden of proof",Plea Agreement,0.61,Judge_17,Prosecutor_25,Attorney_17,0,No,Favorable
CASE_0006,Midwest vs Cybercrime Case 6,2015,Midwest,Federal Court,Cybercrime,Multiple witnesses testified that they saw the defendant leaving at the location of the alleged cybercrime. The defendant's phone records show location data consistent with prosecution's timeline. Defendant claims alibi but witnesses contradict this account.,"Eyewitness testimony reliability, Digital forensics, Alibi defense, Probative value of evidence",Guilty,0.85,Judge_22,Prosecutor_1,Attorney_1,402,No,Favorable
CASE_0007,North vs Aggravated Assault Case 7,2019,North,Supreme Court,Aggravated Assault,Financial records show unauthorized transfers totaling $407428 from victim's account to defendant's account. Email correspondence reveals defendant's knowledge of the aggravated assault. Defendant admits to transactions but claims these were authorized by victim.,"aggravated assault charges, Financial fraud, Intent to commit aggravated assault, Burden of proof",Acquitted,0.63,Judge_50,Prosecutor_28,Attorney_40,0,No,Neutral
CASE_0008,Northeast vs Cybercrime Case 8,2018,Northeast,Federal Court,Cybercrime,"Witness testimony alleges defendant committed cybercrime in presence of multiple people. Police body camera captures defendant's initial confession on scene. Defendant later recants statement, claiming coercion.","Confession validity, Miranda Rights, Police conduct, Due process",Dismissed,0.74,Judge_20,Prosecutor_9,Attorney_40,0,Yes,Neutral
CASE_0009,Central vs Homicide Case 9,2019,Central,Tax Court,Homicide,Financial records show unauthorized transfers totaling $290910 from victim's account to defendant's account. Email correspondence reveals defendant's knowledge of the homicide. Defendant admits to transactions but claims these were authorized by victim.,"homicide charges, Financial fraud, Intent to commit homicide, Probative value of evidence",Dismissed,0.79,Judge_35,Prosecutor_17,Attorney_39,0,Yes,Unfavorable
CASE_0010,South vs Money Laundering Case 10,2018,South,District Court,Money Laundering,Financial records show unauthorized transfers totaling $190437 from victim's account to defendant's account. Email correspondence reveals defendant's knowledge of the money laundering. Defendant admits to transactions but claims these were authorized by victim.,"money laundering charges, Financial fraud, Intent to commit money laundering, Burden of proof",Guilty,0.94,Judge_40,Prosecutor_28,Attorney_11,327,No,Neutral
CASE_0011,East vs Aggravated Assault Case 11,2023,East,Federal Court,Aggravated Assault,Financial records show unauthorized transfers totaling $133551 from victim's account to defendant's account. Email correspondence reveals defendant's knowledge of the aggravated assault. Defendant admits to transactions but claims these were authorized by victim.,"aggravated assault charges, Financial fraud, Intent to commit aggravated assault, Expert witness qualification",Mistrial,0.57,Judge_48,Prosecutor_22,Attorney_16,0,No,Unfavorable
CASE_0012,South vs Embezzlement Case 12,2024,South,Superior Court,Embezzlement,"Witness testimony alleges defendant committed embezzlement in presence of multiple people. Police body camera captures defendant's initial confession on scene. Defendant later recants statement, claiming coercion.","Confession validity, Miranda Rights, Police conduct, Inadmissible hearsay",Dismissed,0.6,Judge_20,Prosecutor_10,Attorney_37,0,Yes,Neutral
CASE_0013,Northeast vs Theft Case 13,2018,Northeast,Federal Court,Theft,The defendant was found in possession of theft materials near the victim's residence. Security footage showed the defendant at the crime scene at 11:45 PM. DNA evidence from the scene matched the defendant's profile with 99.9% accuracy.,"theft charges, Evidence admissibility, Chain of custody, Probative value of evidence",Plea Agreement,0.77,Judge_27,Prosecutor_7,Attorney_29,0,No,Neutral
CASE_0014,West vs Cybercrime Case 14,2024,West,Superior Court,Cybercrime,Multiple witnesses testified that they saw the defendant disposing of evidence at the location of the alleged cybercrime. The defendant's phone records show location data consistent with prosecution's timeline. Defendant claims alibi but witnesses contradict this account.,"Eyewitness testimony reliability, Digital forensics, Alibi defense, Due process",Acquitted,0.62,Judge_6,Prosecutor_14,Attorney_4,0,Yes,Favorable
CASE_0015,Midwest vs Cybercrime Case 15,2022,Midwest,Superior Court,Cybercrime,The defendant was found in possession of cybercrime materials near the victim's residence. Security footage showed the defendant at the crime scene at 11:45 PM. DNA evidence from the scene matched the defendant's profile with 99.9% accuracy.,"cybercrime charges, Evidence admissibility, Chain of custody, Expert witness qualification",Acquitted,0.69,Judge_33,Prosecutor_19,Attorney_7,0,No,Favorable
CASE_0016,East vs Arson Case 16,2020,East,Superior Court,Arson,Defendant was arrested with contraband seconds after the alleged arson. Forensic analysis shows defendant's fingerprints on the contraband. Defendant's clothing contained residue consistent with the crime scene.,"Circumstantial evidence, Forensic analysis, Timeline analysis, Right to counsel",Acquitted,0.9,Judge_3,Prosecutor_1,Attorney_13,0,Yes,Neutral
CASE_0017,Southeast vs Arson Case 17,2022,Southeast,Supreme Court,Arson,Financial records show unauthorized transfers totaling $298115 from victim's account to defendant's account. Email correspondence reveals defendant's knowledge of the arson. Defendant admits to transactions but claims these were authorized by victim.,"arson charges, Financial fraud, Intent to commit arson, Right to counsel",Acquitted,0.85,Judge_34,Prosecutor_12,Attorney_37,0,Yes,Unfavorable
CASE_0018,East vs Perjury Case 18,2024,East,District Court,Perjury,Defendant was arrested with stolen goods seconds after the alleged perjury. Forensic analysis shows defendant's fingerprints on the stolen goods. Defendant's clothing contained residue consistent with the crime scene.,"Circumstantial evidence, Forensic analysis, Timeline analysis, Cross-examination reliability",Guilty,0.79,Judge_24,Prosecutor_11,Attorney_11,379,Yes,Neutral
CASE_0019,Central vs Racketeering Case 19,2024,Central,Federal Court,Racketeering,"Witness testimony alleges defendant committed racketeering in presence of multiple people. Police body camera captures defendant's initial confession on scene. Defendant later recants statement, claiming coercion.","Confession validity, Miranda Rights, Police conduct, Cross-examination reliability",Guilty,0.88,Judge_11,Prosecutor_25,Attorney_11,282,Yes,Neutral
CASE_0020,Midwest vs Embezzlement Case 20,2015,Midwest,District Court,Embezzlement,"Witness testimony alleges defendant committed embezzlement in presence of multiple people. Police body camera captures defendant's initial confession on scene. Defendant later recants statement, claiming coercion.","Confession validity, Miranda Rights, Police conduct, Probative value of evidence",Plea Agreement,0.62,Judge_35,Prosecutor_18,Attorney_36,0,No,Favorable
CASE_0021,Midwest vs Racketeering Case 21,2016,Midwest,District Court,Racketeering,Multiple witnesses testified that they saw the defendant leaving at the location of the alleged racketeering. The defendant's phone records show location data consistent with prosecution's timeline. Defendant claims alibi but witnesses contradict this account.,"Eyewitness testimony reliability, Digital forensics, Alibi defense, Due process",Guilty,0.72,Judge_26,Prosecutor_25,Attorney_31,162,Yes,Favorable
CASE_0022,West vs Tax Evasion Case 22,2020,West,District Court,Tax Evasion,Financial records show unauthorized transfers totaling $441246 from victim's account to defendant's account. Email correspondence reveals defendant's knowledge of the tax evasion. Defendant admits to transactions but claims these were authorized by victim.,"tax evasion charges, Financial fraud, Intent to commit tax evasion, Expert witness qualification",Guilty,0.8,Judge_44,Prosecutor_15,Attorney_9,472,No,Unfavorable
CASE_0023,Central vs Arson Case 23,2016,Central,District Court,Arson,Defendant was arrested with weapon seconds after the alleged arson. Forensic analysis shows defendant's fingerprints on the weapon. Defendant's clothing contained residue consistent with the crime scene.,"Circumstantial evidence, Forensic analysis, Timeline analysis, Right to counsel",Guilty,0.8,Judge_15,Prosecutor_13,Attorney_25,144,No,Unfavorable
CASE_0024,Midwest vs Drug Trafficking Case 24,2017,Midwest,Supreme Court,Drug Trafficking,Defendant was arrested with stolen goods seconds after the alleged drug trafficking. Forensic analysis shows defendant's fingerprints on the stolen goods. Defendant's clothing contained residue consistent with the crime scene.,"Circumstantial evidence, Forensic analysis, Timeline analysis, Cross-examination reliability",Dismissed,0.61,Judge_26,Prosecutor_25,Attorney_24,0,Yes,Favorable
CASE_0025,Northeast vs Theft Case 25,2019,Northeast,District Court,Theft,Defendant was arrested with stolen goods seconds after the alleged theft. Forensic analysis shows defendant's fingerprints on the stolen goods. Defendant's clothing contained residue consistent with the crime scene.,"Circumstantial evidence, Forensic analysis, Timeline analysis, Expert witness qualification",Guilty,0.77,Judge_44,Prosecutor_4,Attorney_29,134,Yes,Neutral
CASE_0026,Midwest vs Aggravated Assault Case 26,2023,Midwest,Federal Court,Aggravated Assault,"Witness testimony alleges defendant committed aggravated assault in presence of multiple people. Police body camera captures defendant's initial confession on scene. Defendant later recants statement, claiming coercion.","Confession validity, Miranda Rights, Police conduct, Expert witness qualification",Acquitted,0.63,Judge_39,Prosecutor_10,Attorney_14,0,No,Favorable
CASE_0027,Southeast vs Theft Case 27,2023,Southeast,District Court,Theft,Defendant was arrested with weapon seconds after the alleged theft. Forensic analysis shows defendant's fingerprints on the weapon. Defendant's clothing contained residue consistent with the crime scene.,"Circumstantial evidence, Forensic analysis, Timeline analysis, Cross-examination reliability",Plea Agreement,0.7,Judge_28,Prosecutor_3,Attorney_9,0,Yes,Neutral
CASE_0028,West vs Identity Theft Case 28,2016,West,District Court,Identity Theft,The defendant was found in possession of identity theft materials near the victim's residence. Security footage showed the defendant at the crime scene at 11:45 PM. DNA evidence from the scene matched the defendant's profile with 99.9% accuracy.,"identity theft charges, Evidence admissibility, Chain of custody, Inadmissible hearsay",Acquitted,0.9,Judge_24,Prosecutor_15,Attorney_22,0,Yes,Unfavorable
CASE_0029,Northeast vs Rape Case 29,2019,Northeast,Superior Court,Rape,"Witness testimony alleges defendant committed rape in presence of multiple people. Police body camera captures defendant's initial confession on scene. Defendant later recants statement, claiming coercion.","Confession validity, Miranda Rights, Police conduct, Search and seizure",Guilty,0.93,Judge_37,Prosecutor_25,Attorney_15,222,No,Favorable
CASE_0030,Central vs Tax Evasion Case 30,2017,Central,Tax Court,Tax Evasion,Multiple witnesses testified that they saw the defendant leaving at the location of the alleged tax evasion. The defendant's phone records show location data consistent with prosecution's timeline. Defendant claims alibi but witnesses contradict this account.,"Eyewitness testimony reliability, Digital forensics, Alibi defense, Inadmissible hearsay",Dismissed,0.84,Judge_35,Prosecutor_17,Attorney_9,0,Yes,Neutral
CASE_0031,Central vs Identity Theft Case 31,2018,Central,Tax Court,Identity Theft,The defendant was found in possession of identity theft materials near the victim's residence. Security footage showed the defendant at the crime scene at 08:00 PM. DNA evidence from the scene matched the defendant's profile with 99.9% accuracy.,"identity theft charges, Evidence admissibility, Chain of custody, Expert witness qualification",Dismissed,0.7,Judge_27,Prosecutor_2,Attorney_1,0,Yes,Unfavorable
CASE_0032,Northeast vs Racketeering Case 32,2019,Northeast,Superior Court,Racketeering,Financial records show unauthorized transfers totaling $302582 from victim's account to defendant's account. Email correspondence reveals defendant's knowledge of the racketeering. Defendant admits to transactions but claims these were authorized by victim.,"racketeering charges, Financial fraud, Intent to commit racketeering, Search and seizure",Guilty,0.88,Judge_47,Prosecutor_26,Attorney_36,307,No,Favorable
CASE_0033,East vs Fraud Case 33,2022,East,Federal Court,Fraud,Multiple witnesses testified that they saw the defendant disposing of evidence at the location of the alleged fraud. The defendant's phone records show location data consistent with prosecution's timeline. Defendant claims alibi but witnesses contradict this account.,"Eyewitness testimony reliability, Digital forensics, Alibi defense, Burden of proof",Guilty,0.85,Judge_29,Prosecutor_4,Attorney_2,190,No,Favorable
CASE_0034,Southeast vs White Collar Crime Case 34,2024,Southeast,Superior Court,White Collar Crime,Financial records show unauthorized transfers totaling $178554 from victim's account to defendant's account. Email correspondence reveals defendant's knowledge of the white collar crime. Defendant admits to transactions but claims these were authorized by victim.,"white collar crime charges, Financial fraud, Intent to commit white collar crime, Cross-examination reliability",Dismissed,0.7,Judge_5,Prosecutor_27,Attorney_15,0,No,Neutral
CASE_0035,Northeast vs Theft Case 35,2018,Northeast,Supreme Court,Theft,Multiple witnesses testified that they saw the defendant running at the location of the alleged theft. The defendant's phone records show location data consistent with prosecution's timeline. Defendant claims alibi but witnesses contradict this account.,"Eyewitness testimony reliability, Digital forensics, Alibi defense, Cross-examination reliability",Mistrial,0.71,Judge_5,Prosecutor_8,Attorney_26,0,No,Unfavorable
CASE_0036,Southeast vs Embezzlement Case 36,2015,Southeast,Tax Court,Embezzlement,The defendant was found in possession of embezzlement materials near the victim's residence. Security footage showed the defendant at the crime scene at 1:30 AM. DNA evidence from the scene matched the defendant's profile with 99.9% accuracy.,"embezzlement charges, Evidence admissibility, Chain of custody, Burden of proof",Plea Agreement,0.84,Judge_28,Prosecutor_18,Attorney_32,0,No,Favorable
CASE_0037,Northeast vs Embezzlement Case 37,2024,Northeast,Supreme Court,Embezzlement,Multiple witnesses testified that they saw the defendant leaving at the location of the alleged embezzlement. The defendant's phone records show location data consistent with prosecution's timeline. Defendant claims alibi but witnesses contradict this account.,"Eyewitness testimony reliability, Digital forensics, Alibi defense, Inadmissible hearsay",Guilty,0.74,Judge_26,Prosecutor_26,Attorney_37,166,Yes,Favorable
CASE_0038,Southeast vs Armed Robbery Case 38,2023,Southeast,Tax Court,Armed Robbery,The defendant was found in possession of armed robbery materials near the victim's residence. Security footage showed the defendant at the crime scene at 1:30 AM. DNA evidence from the scene matched the defendant's profile with 99.9% accuracy.,"armed robbery charges, Evidence admissibility, Chain of custody, Expert witness qualification",Plea Agreement,0.61,Judge_28,Prosecutor_28,Attorney_39,0,Yes,Unfavorable
CASE_0039,Northeast vs Racketeering Case 39,2019,Northeast,Superior Court,Racketeering,"Witness testimony alleges defendant committed racketeering in presence of multiple people. Police body camera captures defendant's initial confession on scene. Defendant later recants statement, claiming coercion.","Confession validity, Miranda Rights, Police conduct, Search and seizure",Guilty,0.85,Judge_35,Prosecutor_5,Attorney_17,83,No,Favorable
CASE_0040,West vs White Collar Crime Case 40,2024,West,Federal Court,White Collar Crime,"Witness testimony alleges defendant committed white collar crime in presence of multiple people. Police body camera captures defendant's initial confession on scene. Defendant later recants statement, claiming coercion.","Confession validity, Miranda Rights, Police conduct, Burden of proof",Guilty,0.86,Judge_31,Prosecutor_15,Attorney_4,252,No,Neutral
CASE_0041,Northeast vs Racketeering Case 41,2018,Northeast,Superior Court,Racketeering,Financial records show unauthorized transfers totaling $270771 from victim's account to defendant's account. Email correspondence reveals defendant's knowledge of the racketeering. Defendant admits to transactions but claims these were authorized by victim.,"racketeering charges, Financial fraud, Intent to commit racketeering, Burden of proof",Guilty,0.87,Judge_25,Prosecutor_4,Attorney_17,130,Yes,Neutral
CASE_0042,West vs Racketeering Case 42,2021,West,Superior Court,Racketeering,Defendant was arrested with contraband seconds after the alleged racketeering. Forensic analysis shows defendant's fingerprints on the contraband. Defendant's clothing contained residue consistent with the crime scene.,"Circumstantial evidence, Forensic analysis, Timeline analysis, Burden of proof",Dismissed,0.85,Judge_17,Prosecutor_6,Attorney_30,0,Yes,Neutral
CASE_0043,Northeast vs Theft Case 43,2019,Northeast,Supreme Court,Theft,Defendant was arrested with evidence seconds after the alleged theft. Forensic analysis shows defendant's fingerprints on the evidence. Defendant's clothing contained residue consistent with the crime scene.,"Circumstantial evidence, Forensic analysis, Timeline analysis, Cross-examination reliability",Guilty,0.87,Judge_39,Prosecutor_2,Attorney_25,474,Yes,Unfavorable
CASE_0044,Northeast vs Money Laundering Case 44,2020,Northeast,District Court,Money Laundering,Defendant was arrested with contraband seconds after the alleged money laundering. Forensic analysis shows defendant's fingerprints on the contraband. Defendant's clothing contained residue consistent with the crime scene.,"Circumstantial evidence, Forensic analysis, Timeline analysis, Burden of proof",Dismissed,0.65,Judge_35,Prosecutor_6,Attorney_26,0,No,Favorable
CASE_0045,East vs Drug Trafficking Case 45,2023,East,Supreme Court,Drug Trafficking,Defendant was arrested with evidence seconds after the alleged drug trafficking. Forensic analysis shows defendant's fingerprints on the evidence. Defendant's clothing contained residue consistent with the crime scene.,"Circumstantial evidence, Forensic analysis, Timeline analysis, Search and seizure",Acquitted,0.94,Judge_35,Prosecutor_20,Attorney_3,0,No,Unfavorable
CASE_0046,West vs Aggravated Assault Case 46,2018,West,Federal Court,Aggravated Assault,Defendant was arrested with weapon seconds after the alleged aggravated assault. Forensic analysis shows defendant's fingerprints on the weapon. Defendant's clothing contained residue consistent with the crime scene.,"Circumstantial evidence, Forensic analysis, Timeline analysis, Due process",Mistrial,0.7,Judge_30,Prosecutor_5,Attorney_24,0,No,Unfavorable
CASE_0047,East vs Tax Evasion Case 47,2021,East,Tax Court,Tax Evasion,Financial records show unauthorized transfers totaling $431764 from victim's account to defendant's account. Email correspondence reveals defendant's knowledge of the tax evasion. Defendant admits to transactions but claims these were authorized by victim.,"tax evasion charges, Financial fraud, Intent to commit tax evasion, Right to counsel",Plea Agreement,0.76,Judge_16,Prosecutor_16,Attorney_7,0,No,Unfavorable
CASE_0048,East vs Perjury Case 48,2016,East,Superior Court,Perjury,Multiple witnesses testified that they saw the defendant leaving at the location of the alleged perjury. The defendant's phone records show location data consistent with prosecution's timeline. Defendant claims alibi but witnesses contradict this account.,"Eyewitness testimony reliability, Digital forensics, Alibi defense, Burden of proof",Acquitted,0.9,Judge_16,Prosecutor_18,Attorney_4,0,No,Unfavorable
CASE_0049,Central vs Theft Case 49,2020,Central,Superior Court,Theft,Defendant was arrested with evidence seconds after the alleged theft. Forensic analysis shows defendant's fingerprints on the evidence. Defendant's clothing contained residue consistent with the crime scene.,"Circumstantial evidence, Forensic analysis, Timeline analysis, Cross-examination reliability",Acquitted,0.72,Judge_19,Prosecutor_30,Attorney_22,0,No,Favorable
CASE_0050,South vs Identity Theft Case 50,2022,South,Federal Court,Identity Theft,Defendant was arrested with evidence seconds after the alleged identity theft. Forensic analysis shows defendant's fingerprints on the evidence. Defendant's clothing contained residue consistent with the crime scene.,"Circumstantial evidence, Forensic analysis, Timeline analysis, Right to counsel",Plea Agreement,0.67,Judge_3,Prosecutor_15,Attorney_15,0,Yes,Neutral
CASE_0051,Central vs Vehicular Manslaughter Case 51,2017,Central,District Court,Vehicular Manslaughter,Financial records show unauthorized transfers totaling $37740 from victim's account to defendant's account. Email correspondence reveals defendant's knowledge of the vehicular manslaughter. Defendant admits to transactions but claims these were authorized by victim.,"vehicular manslaughter charges, Financial fraud, Intent to commit vehicular manslaughter, Expert witness qualification",Plea Agreement,0.83,Judge_22,Prosecutor_18,Attorney_25,0,No,Unfavorable
CASE_0052,West vs Drug Trafficking Case 52,2024,West,Tax Court,Drug Trafficking,The defendant was found in possession of drug trafficking materials near the victim's residence. Security footage showed the defendant at the crime scene at 11:45 PM. DNA evidence from the scene matched the defendant's profile with 99.9% accuracy.,"drug trafficking charges, Evidence admissibility, Chain of custody, Right to counsel",Guilty,0.91,Judge_14,Prosecutor_2,Attorney_1,107,No,Neutral
CASE_0053,Southeast vs Perjury Case 53,2017,Southeast,Federal Court,Perjury,"Witness testimony alleges defendant committed perjury in presence of multiple people. Police body camera captures defendant's initial confession on scene. Defendant later recants statement, claiming coercion.","Confession validity, Miranda Rights, Police conduct, Due process",Mistrial,0.76,Judge_41,Prosecutor_18,Attorney_38,0,Yes,Favorable
CASE_0054,South vs Identity Theft Case 54,2019,South,Federal Court,Identity Theft,"Witness testimony alleges defendant committed identity theft in presence of multiple people. Police body camera captures defendant's initial confession on scene. Defendant later recants statement, claiming coercion.","Confession validity, Miranda Rights, Police conduct, Cross-examination reliability",Mistrial,0.55,Judge_41,Prosecutor_22,Attorney_6,0,No,Unfavorable
CASE_0055,West vs Theft Case 55,2018,West,Supreme Court,Theft,The defendant was found in possession of theft materials near the victim's residence. Security footage showed the defendant at the crime scene at 3:00 AM. DNA evidence from the scene matched the defendant's profile with 99.9% accuracy.,"theft charges, Evidence admissibility, Chain of custody, Inadmissible hearsay",Acquitted,0.8,Judge_45,Prosecutor_2,Attorney_8,0,No,Neutral
CASE_0056,West vs Armed Robbery Case 56,2020,West,Tax Court,Armed Robbery,Multiple witnesses testified that they saw the defendant entering at the location of the alleged armed robbery. The defendant's phone records show location data consistent with prosecution's timeline. Defendant claims alibi but witnesses contradict this account.,"Eyewitness testimony reliability, Digital forensics, Alibi defense, Expert witness qualification",Acquitted,0.94,Judge_18,Prosecutor_10,Attorney_7,0,No,Unfavorable
CASE_0057,Northeast vs Homicide Case 57,2024,Northeast,Tax Court,Homicide,"Witness testimony alleges defendant committed homicide in presence of multiple people. Police body camera captures defendant's initial confession on scene. Defendant later recants statement, claiming coercion.","Confession validity, Miranda Rights, Police conduct, Due process",Plea Agreement,0.63,Judge_49,Prosecutor_5,Attorney_10,0,No,Unfavorable
CASE_0058,West vs Perjury Case 58,2017,West,Supreme Court,Perjury,Multiple witnesses testified that they saw the defendant running at the location of the alleged perjury. The defendant's phone records show location data consistent with prosecution's timeline. Defendant claims alibi but witnesses contradict this account.,"Eyewitness testimony reliability, Digital forensics, Alibi defense, Right to counsel",Mistrial,0.81,Judge_35,Prosecutor_9,Attorney_33,0,No,Favorable
CASE_0059,East vs White Collar Crime Case 59,2021,East,Tax Court,White Collar Crime,Multiple witnesses testified that they saw the defendant leaving at the location of the alleged white collar crime. The defendant's phone records show location data consistent with prosecution's timeline. Defendant claims alibi but witnesses contradict this account.,"Eyewitness testimony reliability, Digital forensics, Alibi defense, Right to counsel",Guilty,0.75,Judge_40,Prosecutor_27,Attorney_10,66,No,Neutral
CASE_0060,West vs Embezzlement Case 60,2018,West,Federal Court,Embezzlement,Multiple witnesses testified that they saw the defendant leaving at the location of the alleged embezzlement. The defendant's phone records show location data consistent with prosecution's timeline. Defendant claims alibi but witnesses contradict this account.,"Eyewitness testimony reliability, Digital forensics, Alibi defense, Right to counsel",Acquitted,0.8,Judge_31,Prosecutor_7,Attorney_15,0,Yes,Neutral
CASE_0061,East vs Burglary Case 61,2020,East,Tax Court,Burglary,"Witness testimony alleges defendant committed burglary in presence of multiple people. Police body camera captures defendant's initial confession on scene. Defendant later recants statement, claiming coercion.","Confession validity, Miranda Rights, Police conduct, Cross-examination reliability",Plea Agreement,0.68,Judge_35,Prosecutor_9,Attorney_28,0,Yes,Favorable
CASE_0062,Southeast vs Rape Case 62,2024,Southeast,Federal Court,Rape,Financial records show unauthorized transfers totaling $87259 from victim's account to defendant's account. Email correspondence reveals defendant's knowledge of the rape. Defendant admits to transactions but claims these were authorized by victim.,"rape charges, Financial fraud, Intent to commit rape, Due process",Acquitted,0.82,Judge_10,Prosecutor_10,Attorney_19,0,Yes,Unfavorable
CASE_0063,Midwest vs Fraud Case 63,2024,Midwest,Tax Court,Fraud,Financial records show unauthorized transfers totaling $100621 from victim's account to defendant's account. Email correspondence reveals defendant's knowledge of the fraud. Defendant admits to transactions but claims these were authorized by victim.,"fraud charges, Financial fraud, Intent to commit fraud, Probative value of evidence",Acquitted,0.64,Judge_27,Prosecutor_16,Attorney_21,0,No,Neutral
CASE_0064,Northeast vs Embezzlement Case 64,2023,Northeast,Superior Court,Embezzlement,"Witness testimony alleges defendant committed embezzlement in presence of multiple people. Police body camera captures defendant's initial confession on scene. Defendant later recants statement, claiming coercion.","Confession validity, Miranda Rights, Police conduct, Due process",Acquitted,0.85,Judge_17,Prosecutor_9,Attorney_12,0,Yes,Favorable
CASE_0065,Northeast vs Aggravated Assault Case 65,2024,Northeast,Tax Court,Aggravated Assault,"Witness testimony alleges defendant committed aggravated assault in presence of multiple people. Police body camera captures defendant's initial confession on scene. Defendant later recants statement, claiming coercion.","Confession validity, Miranda Rights, Police conduct, Due process",Dismissed,0.78,Judge_47,Prosecutor_16,Attorney_38,0,No,Favorable
CASE_0066,East vs Armed Robbery Case 66,2017,East,Superior Court,Armed Robbery,The defendant was found in possession of armed robbery materials near the victim's residence. Security footage showed the defendant at the crime scene at 1:30 AM. DNA evidence from the scene matched the defendant's profile with 99.9% accuracy.,"armed robbery charges, Evidence admissibility, Chain of custody, Burden of proof",Dismissed,0.79,Judge_15,Prosecutor_3,Attorney_13,0,No,Neutral
CASE_0067,North vs Racketeering Case 67,2021,North,Superior Court,Racketeering,"Witness testimony alleges defendant committed racketeering in presence of multiple people. Police body camera captures defendant's initial confession on scene. Defendant later recants statement, claiming coercion.","Confession validity, Miranda Rights, Police conduct, Right to counsel",Acquitted,0.69,Judge_25,Prosecutor_3,Attorney_38,0,Yes,Favorable
CASE_0068,North vs Larceny Case 68,2015,North,District Court,Larceny,"Witness testimony alleges defendant committed larceny in presence of multiple people. Police body camera captures defendant's initial confession on scene. Defendant later recants statement, claiming coercion.","Confession validity, Miranda Rights, Police conduct, Probative value of evidence",Guilty,0.87,Judge_3,Prosecutor_4,Attorney_20,285,Yes,Neutral
CASE_0069,South vs Cybercrime Case 69,2015,South,Superior Court,Cybercrime,Multiple witnesses testified that they saw the defendant entering at the location of the alleged cybercrime. The defendant's phone records show location data consistent with prosecution's timeline. Defendant claims alibi but witnesses contradict this account.,"Eyewitness testimony reliability, Digital forensics, Alibi defense, Due process",Guilty,0.9,Judge_6,Prosecutor_1,Attorney_12,102,No,Favorable
CASE_0070,West vs Homicide Case 70,2024,West,Tax Court,Homicide,Defendant was arrested with evidence seconds after the alleged homicide. Forensic analysis shows defendant's fingerprints on the evidence. Defendant's clothing contained residue consistent with the crime scene.,"Circumstantial evidence, Forensic analysis, Timeline analysis, Expert witness qualification",Dismissed,0.65,Judge_43,Prosecutor_10,Attorney_11,0,Yes,Favorable
CASE_0071,Northeast vs Tax Evasion Case 71,2018,Northeast,Supreme Court,Tax Evasion,The defendant was found in possession of tax evasion materials near the victim's residence. Security footage showed the defendant at the crime scene at 10:30 PM. DNA evidence from the scene matched the defendant's profile with 99.9% accuracy.,"tax evasion charges, Evidence admissibility, Chain of custody, Burden of proof",Dismissed,0.75,Judge_50,Prosecutor_5,Attorney_15,0,No,Unfavorable
CASE_0072,Midwest vs Fraud Case 72,2018,Midwest,Federal Court,Fraud,Multiple witnesses testified that they saw the defendant walking at the location of the alleged fraud. The defendant's phone records show location data consistent with prosecution's timeline. Defendant claims alibi but witnesses contradict this account.,"Eyewitness testimony reliability, Digital forensics, Alibi defense, Right to counsel",Plea Agreement,0.78,Judge_21,Prosecutor_5,Attorney_19,0,Yes,Favorable
CASE_0073,East vs Arson Case 73,2023,East,Federal Court,Arson,Defendant was arrested with evidence seconds after the alleged arson. Forensic analysis shows defendant's fingerprints on the evidence. Defendant's clothing contained residue consistent with the crime scene.,"Circumstantial evidence, Forensic analysis, Timeline analysis, Right to counsel",Dismissed,0.67,Judge_38,Prosecutor_27,Attorney_9,0,Yes,Neutral
CASE_0074,South vs Money Laundering Case 74,2018,South,District Court,Money Laundering,Multiple witnesses testified that they saw the defendant disposing of evidence at the location of the alleged money laundering. The defendant's phone records show location data consistent with prosecution's timeline. Defendant claims alibi but witnesses contradict this account.,"Eyewitness testimony reliability, Digital forensics, Alibi defense, Cross-examination reliability",Mistrial,0.7,Judge_18,Prosecutor_8,Attorney_40,0,No,Favorable
CASE_0075,South vs Vehicular Manslaughter Case 75,2017,South,Supreme Court,Vehicular Manslaughter,Multiple witnesses testified that they saw the defendant disposing of evidence at the location of the alleged vehicular manslaughter. The defendant's phone records show location data consistent with prosecution's timeline. Defendant claims alibi but witnesses contradict this account.,"Eyewitness testimony reliability, Digital forensics, Alibi defense, Probative value of evidence",Guilty,0.74,Judge_31,Prosecutor_17,Attorney_18,339,No,Unfavorable
