case_id,text
CASE_0000,the defendant was charged with fraud in 2023
CASE_0001,witness testified about the incident last year
CASE_0002,judge ruled guilty with evidence presented
CASE_0003,the defendant was charged with fraud in 2023
CASE_0004,witness testified about the incident last year
CASE_0005,judge ruled guilty with evidence presented
CASE_0006,the defendant was charged with fraud in 2023
CASE_0007,witness testified about the incident last year
CASE_0008,judge ruled guilty with evidence presented
CASE_0009,the defendant was charged with fraud in 2023
CASE_0010,witness testified about the incident last year
CASE_0011,judge ruled guilty with evidence presented
CASE_0012,the defendant was charged with fraud in 2023
CASE_0013,witness testified about the incident last year
CASE_0014,judge ruled guilty with evidence presented
CASE_0015,the defendant was charged with fraud in 2023
CASE_0016,witness testified about the incident last year
CASE_0017,judge ruled guilty with evidence presented
CASE_0018,the defendant was charged with fraud in 2023
CASE_0019,witness testified about the incident last year
CASE_0020,judge ruled guilty with evidence presented
CASE_0021,the defendant was charged with fraud in 2023
CASE_0022,witness testified about the incident last year
CASE_0023,judge ruled guilty with evidence presented
CASE_0024,the defendant was charged with fraud in 2023
CASE_0025,witness testified about the incident last year
CASE_0026,judge ruled guilty with evidence presented
CASE_0027,the defendant was charged with fraud in 2023
CASE_0028,witness testified about the incident last year
CASE_0029,judge ruled guilty with evidence presented
CASE_0030,the defendant was charged with fraud in 2023
CASE_0031,witness testified about the incident last year
CASE_0032,judge ruled guilty with evidence presented
CASE_0033,the defendant was charged with fraud in 2023
CASE_0034,witness testified about the incident last year
CASE_0035,judge ruled guilty with evidence presented
CASE_0036,the defendant was charged with fraud in 2023
CASE_0037,witness testified about the incident last year
CASE_0038,judge ruled guilty with evidence presented
CASE_0039,the defendant was charged with fraud in 2023
CASE_0040,witness testified about the incident last year
CASE_0041,judge ruled guilty with evidence presented
CASE_0042,the defendant was charged with fraud in 2023
CASE_0043,witness testified about the incident last year
CASE_0044,judge ruled guilty with evidence presented
CASE_0045,the defendant was charged with fraud in 2023
CASE_0046,witness testified about the incident last year
CASE_0047,judge ruled guilty with evidence presented
CASE_0048,the defendant was charged with fraud in 2023
CASE_0049,witness testified about the incident last year
CASE_0050,judge ruled guilty with evidence presented
CASE_0051,the defendant was charged with fraud in 2023
CASE_0052,witness testified about the incident last year
CASE_0053,judge ruled guilty with evidence presented
CASE_0054,the defendant was charged with fraud in 2023
CASE_0055,witness testified about the incident last year
CASE_0056,judge ruled guilty with evidence presented
CASE_0057,the defendant was charged with fraud in 2023
CASE_0058,witness testified about the incident last year
CASE_0059,judge ruled guilty with evidence presented
CASE_0060,the defendant was charged with fraud in 2023
CASE_0061,witness testified about the incident last year
CASE_0062,judge ruled guilty with evidence presented
CASE_0063,the defendant was charged with fraud in 2023
CASE_0064,witness testified about the incident last year
CASE_0065,judge ruled guilty with evidence presented
CASE_0066,the defendant was charged with fraud in 2023
CASE_0067,witness testified about the incident last year
CASE_0068,judge ruled guilty with evidence presented
CASE_0069,the defendant was charged with fraud in 2023
CASE_0070,witness testified about the incident last year
CASE_0071,judge ruled guilty with evidence presented
CASE_0072,the defendant was charged with fraud in 2023
CASE_0073,witness testified about the incident last year
CASE_0074,judge ruled guilty with evidence presented
