proceeding_id,court_name,case_number,filing_date,trial_date,hearing_count,defendant_count,attorney_count,document_count,year
COURT_0000,Supreme,CASE_44514,2023-12-14,2023-11-18,12,2,7,84,2024
COURT_0001,Federal,CASE_53985,2023-09-24,2023-08-19,18,3,2,62,2016
COURT_0002,District,CASE_69743,2023-12-05,2023-12-17,7,1,2,82,2022
COURT_0003,Supreme,CASE_33871,2023-07-11,2023-08-26,5,1,5,97,2020
COURT_0004,District,CASE_98719,2023-01-20,2023-09-27,12,2,5,16,2019
COURT_0005,Superior,CASE_86405,2023-02-17,2023-10-20,16,5,8,84,2022
COURT_0006,Supreme,CASE_76659,2023-06-10,2023-12-27,11,2,7,71,2016
COURT_0007,District,CASE_96766,2023-05-03,2023-09-24,5,3,10,88,2017
COURT_0008,Superior,CASE_11381,2023-01-06,2023-12-23,1,4,5,93,2018
COURT_0009,Federal,CASE_55525,2023-02-17,2023-09-05,6,3,8,36,2018
COURT_0010,Superior,CASE_63831,2023-07-09,2023-10-07,7,4,6,68,2021
COURT_0011,Supreme,CASE_93314,2023-12-26,2023-11-12,3,1,2,36,2024
COURT_0012,Supreme,CASE_93760,2023-01-08,2023-08-20,9,2,3,5,2016
COURT_0013,Superior,CASE_42136,2023-06-10,2023-07-05,9,4,6,49,2021
COURT_0014,Federal,CASE_82319,2023-06-14,2023-11-11,11,3,10,53,2021
COURT_0015,Supreme,CASE_31534,2023-06-14,2023-07-22,14,3,5,100,2021
COURT_0016,Superior,CASE_41434,2023-09-04,2023-11-09,11,4,8,99,2024
COURT_0017,Supreme,CASE_81732,2023-12-14,2023-07-24,16,3,6,19,2017
COURT_0018,Superior,CASE_90237,2023-06-15,2023-10-15,6,2,5,59,2023
COURT_0019,District,CASE_88519,2023-09-27,2023-09-20,10,2,9,20,2019
COURT_0020,Superior,CASE_56288,2023-05-01,2023-09-01,18,2,7,64,2023
COURT_0021,Supreme,CASE_27158,2023-12-09,2023-09-24,14,3,6,76,2016
COURT_0022,Federal,CASE_99003,2023-09-14,2023-09-16,4,1,8,55,2020
COURT_0023,Federal,CASE_21548,2023-05-02,2023-09-19,14,4,2,52,2021
COURT_0024,Supreme,CASE_34793,2023-04-15,2023-09-20,18,4,8,33,2022
COURT_0025,Federal,CASE_83923,2023-09-13,2023-08-06,6,1,5,62,2023
COURT_0026,Superior,CASE_88751,2023-11-14,2023-09-09,12,5,3,78,2017
COURT_0027,Federal,CASE_41200,2023-06-21,2023-11-11,19,2,8,35,2023
COURT_0028,Superior,CASE_14305,2023-09-25,2023-08-28,12,2,8,12,2022
COURT_0029,Superior,CASE_60571,2023-12-02,2023-11-28,16,1,6,54,2023
COURT_0030,Superior,CASE_77420,2023-05-21,2023-10-18,6,2,8,12,2023
COURT_0031,Supreme,CASE_34982,2023-02-25,2023-08-22,14,3,10,89,2023
COURT_0032,District,CASE_92327,2023-10-28,2023-12-24,16,3,7,34,2020
COURT_0033,Federal,CASE_62638,2023-09-21,2023-09-08,17,1,10,83,2017
COURT_0034,Federal,CASE_96916,2023-10-07,2023-08-26,14,5,8,97,2015
COURT_0035,Superior,CASE_31476,2023-01-26,2023-07-17,3,4,7,44,2020
COURT_0036,Federal,CASE_39467,2023-02-13,2023-10-04,20,5,3,34,2015
COURT_0037,Federal,CASE_61760,2023-03-19,2023-10-14,2,3,9,17,2015
COURT_0038,Superior,CASE_77721,2023-10-05,2023-11-23,16,4,7,50,2023
COURT_0039,Federal,CASE_99182,2023-09-15,2023-08-20,18,5,2,25,2015
COURT_0040,Federal,CASE_26135,2023-05-18,2023-10-25,15,4,6,29,2016
COURT_0041,Supreme,CASE_99759,2023-04-14,2023-11-14,13,2,5,7,2023
COURT_0042,Supreme,CASE_77433,2023-08-08,2023-11-27,6,5,3,67,2016
COURT_0043,District,CASE_65503,2023-04-15,2023-10-16,19,4,5,40,2023
COURT_0044,Supreme,CASE_90381,2023-12-10,2023-09-28,15,5,9,31,2015
COURT_0045,Supreme,CASE_96869,2023-02-25,2023-12-26,7,2,8,11,2021
COURT_0046,Supreme,CASE_77332,2023-03-26,2023-07-13,17,4,4,59,2022
COURT_0047,Federal,CASE_22293,2023-06-07,2023-12-13,1,5,8,59,2020
COURT_0048,District,CASE_16332,2023-10-10,2023-12-19,11,3,3,55,2023
COURT_0049,Federal,CASE_84906,2023-09-21,2023-07-05,13,5,5,40,2015
COURT_0050,Superior,CASE_38890,2023-12-25,2023-07-25,1,3,5,74,2018
COURT_0051,Federal,CASE_48986,2023-03-04,2023-11-09,8,3,3,65,2024
COURT_0052,Supreme,CASE_96087,2023-09-28,2023-11-28,8,5,4,84,2021
COURT_0053,Superior,CASE_32685,2023-07-25,2023-07-21,13,1,7,5,2022
COURT_0054,Superior,CASE_64059,2023-10-21,2023-10-06,11,3,7,40,2018
COURT_0055,Supreme,CASE_30156,2023-11-09,2023-10-15,14,4,9,65,2016
COURT_0056,Supreme,CASE_22960,2023-11-08,2023-09-25,9,4,9,86,2023
COURT_0057,Superior,CASE_14202,2023-08-19,2023-11-27,10,5,6,9,2023
COURT_0058,Supreme,CASE_89654,2023-03-15,2023-11-09,12,2,8,81,2023
COURT_0059,Superior,CASE_51515,2023-11-03,2023-10-13,12,2,10,9,2019
COURT_0060,Supreme,CASE_21174,2023-01-04,2023-08-08,10,1,4,95,2016
COURT_0061,Federal,CASE_34059,2023-02-08,2023-09-07,11,1,5,64,2017
COURT_0062,Federal,CASE_95724,2023-05-25,2023-11-22,2,1,4,80,2022
COURT_0063,Superior,CASE_51242,2023-08-26,2023-08-13,13,5,3,89,2015
COURT_0064,District,CASE_26281,2023-06-23,2023-08-11,18,5,6,47,2023
COURT_0065,Superior,CASE_36401,2023-11-10,2023-07-08,3,1,7,16,2015
COURT_0066,Superior,CASE_92279,2023-02-21,2023-11-16,12,4,3,9,2022
COURT_0067,Supreme,CASE_62282,2023-06-06,2023-11-19,16,4,8,42,2020
COURT_0068,District,CASE_97650,2023-07-26,2023-11-20,4,1,2,84,2015
COURT_0069,Superior,CASE_40314,2023-07-20,2023-09-11,4,1,8,57,2022
COURT_0070,Supreme,CASE_53241,2023-12-06,2023-08-27,18,3,8,94,2024
COURT_0071,Superior,CASE_46030,2023-02-21,2023-08-10,3,3,10,74,2022
COURT_0072,Supreme,CASE_96897,2023-01-18,2023-11-13,9,5,5,100,2016
COURT_0073,District,CASE_76884,2023-03-19,2023-10-08,17,1,5,23,2016
COURT_0074,District,CASE_39432,2023-07-06,2023-09-16,11,4,9,100,2021
COURT_0075,District,CASE_64075,2023-12-28,2023-11-14,12,3,9,58,2018
COURT_0076,Superior,CASE_76721,2023-05-28,2023-12-21,16,4,10,67,2015
COURT_0077,District,CASE_82317,2023-11-14,2023-11-08,3,1,6,44,2021
COURT_0078,Superior,CASE_41125,2023-08-24,2023-07-01,16,1,4,83,2016
COURT_0079,Superior,CASE_18873,2023-06-21,2023-10-08,1,2,2,49,2024
COURT_0080,District,CASE_42765,2023-04-10,2023-10-15,18,4,5,28,2015
COURT_0081,Supreme,CASE_73837,2023-04-27,2023-09-27,10,4,10,19,2021
COURT_0082,District,CASE_36144,2023-01-07,2023-09-15,5,5,3,49,2017
COURT_0083,Superior,CASE_80205,2023-06-08,2023-10-12,16,5,2,33,2018
COURT_0084,Federal,CASE_31210,2023-04-17,2023-08-23,17,5,7,43,2017
COURT_0085,District,CASE_97692,2023-02-15,2023-12-08,18,2,9,17,2021
COURT_0086,Supreme,CASE_34662,2023-12-04,2023-08-27,4,4,8,22,2022
COURT_0087,Superior,CASE_37900,2023-04-05,2023-12-24,2,1,9,58,2018
COURT_0088,District,CASE_84181,2023-09-10,2023-12-11,12,3,5,74,2023
COURT_0089,District,CASE_46658,2023-06-01,2023-09-21,13,5,7,88,2017
COURT_0090,Supreme,CASE_45237,2023-12-28,2023-08-10,18,1,3,97,2023
COURT_0091,Federal,CASE_40862,2023-07-17,2023-08-04,19,3,5,6,2023
COURT_0092,Federal,CASE_90656,2023-04-05,2023-10-15,2,4,8,39,2016
COURT_0093,Superior,CASE_45716,2023-12-04,2023-08-20,10,3,8,49,2023
COURT_0094,Federal,CASE_92403,2023-02-23,2023-09-27,1,4,3,12,2021
COURT_0095,Federal,CASE_25467,2023-10-04,2023-11-15,6,5,2,50,2021
COURT_0096,Federal,CASE_80667,2023-02-14,2023-10-14,20,3,9,63,2015
COURT_0097,Superior,CASE_47372,2023-11-24,2023-08-12,13,5,3,60,2017
COURT_0098,Superior,CASE_62940,2023-01-05,2023-12-08,4,2,10,22,2016
COURT_0099,District,CASE_72592,2023-10-23,2023-09-16,19,5,2,20,2022
COURT_0100,Supreme,CASE_77932,2023-12-02,2023-11-06,13,4,8,78,2020
COURT_0101,Supreme,CASE_81713,2023-05-24,2023-08-27,5,4,8,34,2017
COURT_0102,District,CASE_11243,2023-03-18,2023-08-20,19,3,5,76,2023
COURT_0103,Supreme,CASE_28071,2023-04-19,2023-07-27,5,2,2,65,2021
COURT_0104,Supreme,CASE_67935,2023-09-02,2023-12-13,12,1,10,55,2015
COURT_0105,Supreme,CASE_38938,2023-04-13,2023-08-04,1,1,6,9,2022
COURT_0106,Supreme,CASE_88016,2023-08-14,2023-12-13,8,4,5,7,2020
COURT_0107,Supreme,CASE_53383,2023-09-18,2023-09-22,17,4,7,84,2016
COURT_0108,Superior,CASE_58438,2023-04-19,2023-12-14,18,1,2,49,2020
COURT_0109,District,CASE_31475,2023-09-26,2023-10-11,4,4,2,32,2022
COURT_0110,Supreme,CASE_31787,2023-06-08,2023-11-13,10,3,7,99,2021
COURT_0111,District,CASE_86817,2023-08-05,2023-12-27,7,1,3,87,2016
COURT_0112,District,CASE_64572,2023-11-17,2023-09-02,18,4,2,84,2024
COURT_0113,Federal,CASE_39162,2023-07-26,2023-07-21,6,4,5,34,2019
COURT_0114,Federal,CASE_11772,2023-10-06,2023-12-24,17,2,4,47,2017
COURT_0115,Superior,CASE_73258,2023-07-08,2023-11-03,19,2,5,16,2024
COURT_0116,Superior,CASE_97784,2023-01-05,2023-11-23,7,5,8,58,2015
COURT_0117,Superior,CASE_33813,2023-01-06,2023-11-05,7,1,8,46,2024
COURT_0118,Supreme,CASE_95234,2023-06-03,2023-11-21,4,4,3,17,2021
COURT_0119,District,CASE_21304,2023-02-16,2023-08-02,10,2,4,41,2015
COURT_0120,Superior,CASE_14620,2023-04-13,2023-07-26,9,1,8,18,2024
COURT_0121,District,CASE_14891,2023-12-19,2023-09-08,9,2,2,74,2021
COURT_0122,Supreme,CASE_35768,2023-08-01,2023-12-10,8,3,3,30,2018
COURT_0123,Federal,CASE_47985,2023-12-02,2023-10-19,17,4,4,77,2023
COURT_0124,Supreme,CASE_14700,2023-04-05,2023-12-17,6,1,7,23,2015
COURT_0125,Superior,CASE_53179,2023-08-26,2023-10-25,5,3,9,10,2022
COURT_0126,Federal,CASE_67228,2023-06-16,2023-07-01,6,1,2,67,2024
COURT_0127,Federal,CASE_87637,2023-06-16,2023-10-20,1,2,5,85,2016
COURT_0128,Supreme,CASE_97487,2023-01-19,2023-08-14,20,1,10,47,2020
COURT_0129,Superior,CASE_73156,2023-11-10,2023-12-15,1,4,9,61,2016
COURT_0130,Federal,CASE_20023,2023-03-10,2023-07-20,5,3,8,8,2021
COURT_0131,Federal,CASE_77831,2023-07-21,2023-09-28,9,1,4,89,2022
COURT_0132,Federal,CASE_97474,2023-02-19,2023-10-12,18,3,4,9,2023
COURT_0133,Superior,CASE_18751,2023-05-14,2023-08-15,6,5,2,20,2019
COURT_0134,Superior,CASE_41694,2023-04-08,2023-08-05,15,3,9,38,2024
COURT_0135,Federal,CASE_91663,2023-09-11,2023-12-20,15,2,7,11,2022
COURT_0136,Federal,CASE_20078,2023-11-20,2023-07-09,2,5,4,52,2019
COURT_0137,District,CASE_99755,2023-02-22,2023-09-02,12,4,4,65,2018
COURT_0138,Superior,CASE_89690,2023-12-11,2023-11-04,15,3,3,53,2022
COURT_0139,Supreme,CASE_71228,2023-05-26,2023-09-04,16,2,9,84,2017
COURT_0140,Superior,CASE_47126,2023-12-26,2023-12-11,8,4,9,28,2018
COURT_0141,District,CASE_10814,2023-10-26,2023-12-27,5,2,3,45,2018
COURT_0142,District,CASE_21799,2023-10-12,2023-12-05,4,3,5,7,2016
COURT_0143,District,CASE_35743,2023-07-08,2023-08-26,16,5,4,89,2023
COURT_0144,Federal,CASE_42091,2023-12-16,2023-09-06,14,2,3,75,2018
COURT_0145,Supreme,CASE_46662,2023-05-02,2023-08-24,13,4,3,24,2021
COURT_0146,Superior,CASE_10916,2023-04-24,2023-11-27,12,4,3,8,2022
COURT_0147,Superior,CASE_60291,2023-09-17,2023-10-06,12,4,3,42,2022
COURT_0148,Superior,CASE_38323,2023-11-15,2023-12-02,5,1,4,15,2021
COURT_0149,Federal,CASE_82322,2023-08-08,2023-11-18,7,4,7,65,2019
COURT_0150,Superior,CASE_27958,2023-06-07,2023-09-05,13,2,7,28,2018
COURT_0151,Federal,CASE_19485,2023-10-05,2023-11-16,7,4,8,82,2016
COURT_0152,Federal,CASE_22366,2023-11-26,2023-09-22,4,1,6,98,2023
COURT_0153,Supreme,CASE_87482,2023-02-25,2023-10-11,17,5,8,20,2023
COURT_0154,Superior,CASE_49274,2023-12-08,2023-08-16,7,2,2,92,2016
COURT_0155,Superior,CASE_65424,2023-05-05,2023-10-05,14,3,4,74,2018
COURT_0156,Federal,CASE_88530,2023-10-26,2023-09-21,5,4,10,43,2015
COURT_0157,District,CASE_42724,2023-12-10,2023-07-12,7,1,4,59,2015
COURT_0158,Superior,CASE_57655,2023-08-18,2023-10-19,5,5,2,5,2019
COURT_0159,Supreme,CASE_91402,2023-04-14,2023-09-13,14,4,5,40,2020
COURT_0160,Supreme,CASE_66372,2023-01-04,2023-10-19,15,2,10,70,2019
COURT_0161,District,CASE_99067,2023-06-17,2023-08-28,9,1,10,80,2016
COURT_0162,Federal,CASE_13761,2023-04-24,2023-09-23,3,2,6,24,2015
COURT_0163,District,CASE_23811,2023-06-02,2023-11-07,6,2,7,77,2020
COURT_0164,Federal,CASE_67367,2023-12-20,2023-09-15,15,1,2,32,2020
COURT_0165,District,CASE_71709,2023-03-19,2023-07-04,2,1,3,76,2023
COURT_0166,Federal,CASE_71430,2023-03-03,2023-11-20,15,4,10,72,2016
COURT_0167,Superior,CASE_12266,2023-09-22,2023-10-22,13,3,7,74,2022
COURT_0168,District,CASE_24783,2023-09-07,2023-12-04,13,1,7,41,2018
COURT_0169,Superior,CASE_99042,2023-11-12,2023-09-17,20,3,5,94,2020
COURT_0170,Federal,CASE_79347,2023-10-18,2023-11-26,8,2,7,30,2023
COURT_0171,Federal,CASE_69982,2023-11-22,2023-10-28,17,5,6,93,2018
COURT_0172,Federal,CASE_42023,2023-06-20,2023-12-12,13,4,8,30,2015
COURT_0173,Superior,CASE_41185,2023-12-27,2023-09-24,5,3,8,55,2023
COURT_0174,Superior,CASE_77134,2023-06-12,2023-11-16,20,2,10,77,2021
COURT_0175,Superior,CASE_98255,2023-09-07,2023-12-06,7,5,2,73,2015
COURT_0176,Supreme,CASE_39996,2023-03-11,2023-10-19,1,2,10,55,2016
COURT_0177,Superior,CASE_28456,2023-09-26,2023-10-27,2,1,3,69,2015
COURT_0178,Supreme,CASE_58374,2023-09-02,2023-10-28,17,4,9,9,2016
COURT_0179,Supreme,CASE_12319,2023-05-20,2023-09-03,6,5,4,10,2016
COURT_0180,District,CASE_86865,2023-06-10,2023-07-19,15,1,2,89,2022
COURT_0181,Superior,CASE_49850,2023-09-16,2023-09-02,10,4,9,71,2018
COURT_0182,District,CASE_45408,2023-02-24,2023-07-24,15,3,8,10,2015
COURT_0183,Federal,CASE_29029,2023-05-02,2023-10-11,16,3,9,80,2018
COURT_0184,Superior,CASE_85144,2023-11-05,2023-10-06,20,1,3,75,2020
COURT_0185,Supreme,CASE_23381,2023-06-11,2023-12-25,17,1,6,6,2019
COURT_0186,Federal,CASE_49506,2023-11-05,2023-07-18,18,5,5,99,2017
COURT_0187,Federal,CASE_40162,2023-01-05,2023-08-06,8,2,7,74,2022
COURT_0188,Superior,CASE_50422,2023-10-23,2023-09-15,3,1,8,5,2016
COURT_0189,Federal,CASE_70983,2023-03-25,2023-11-26,5,5,5,14,2017
COURT_0190,Superior,CASE_44676,2023-02-04,2023-10-28,13,5,5,98,2016
COURT_0191,District,CASE_31543,2023-11-13,2023-09-15,19,5,4,33,2024
COURT_0192,Supreme,CASE_33899,2023-03-05,2023-08-18,18,3,4,48,2023
COURT_0193,District,CASE_52315,2023-03-22,2023-09-10,2,3,6,62,2023
COURT_0194,Superior,CASE_74116,2023-09-16,2023-10-20,8,1,7,91,2018
COURT_0195,District,CASE_43832,2023-11-21,2023-08-07,1,4,9,43,2021
COURT_0196,Federal,CASE_52429,2023-11-02,2023-11-08,4,1,10,73,2015
COURT_0197,District,CASE_12837,2023-09-21,2023-12-01,4,3,10,26,2016
COURT_0198,District,CASE_87387,2023-12-15,2023-10-16,3,4,7,51,2022
COURT_0199,Federal,CASE_15151,2023-11-14,2023-10-18,3,5,2,91,2019
COURT_0200,Superior,CASE_38700,2023-11-10,2023-11-22,14,3,7,9,2022
COURT_0201,District,CASE_54967,2023-04-22,2023-10-05,7,3,10,80,2024
COURT_0202,Supreme,CASE_12449,2023-01-08,2023-12-12,10,2,8,7,2017
COURT_0203,Superior,CASE_50062,2023-03-09,2023-09-02,20,3,9,46,2020
COURT_0204,Superior,CASE_35516,2023-03-06,2023-12-03,16,3,4,84,2018
COURT_0205,Superior,CASE_99155,2023-10-13,2023-07-02,7,4,6,92,2023
COURT_0206,Federal,CASE_32919,2023-06-09,2023-10-13,5,3,3,41,2018
COURT_0207,Federal,CASE_89482,2023-02-14,2023-12-02,2,5,4,47,2015
COURT_0208,Federal,CASE_55191,2023-10-04,2023-10-18,12,2,8,46,2024
COURT_0209,District,CASE_29215,2023-01-24,2023-09-01,16,5,6,81,2016
COURT_0210,Superior,CASE_64255,2023-02-20,2023-12-16,4,2,8,64,2021
COURT_0211,Supreme,CASE_70031,2023-04-15,2023-10-02,16,4,6,52,2015
COURT_0212,District,CASE_25083,2023-04-10,2023-11-17,8,5,7,33,2015
COURT_0213,Federal,CASE_21052,2023-12-21,2023-11-23,4,3,3,56,2024
COURT_0214,District,CASE_95873,2023-10-23,2023-10-17,3,1,9,34,2021
COURT_0215,Superior,CASE_35977,2023-01-10,2023-07-15,9,2,8,82,2020
COURT_0216,District,CASE_16374,2023-02-17,2023-12-20,11,2,10,8,2020
COURT_0217,District,CASE_21927,2023-10-16,2023-12-14,12,2,3,75,2020
COURT_0218,Superior,CASE_29666,2023-04-02,2023-08-02,15,3,10,11,2018
COURT_0219,District,CASE_76658,2023-06-11,2023-11-13,6,4,9,7,2019
