stat_id,region,crimes_reported,arrests_made,convictions,conviction_rate,violent_crimes,property_crimes,drug_crimes,year,population
CRIME_0000,East,2255,521,1913,0.75,447,1023,376,2016,4096725
CRIME_0001,Northeast,172,720,290,0.45,132,1927,742,2020,3779384
CRIME_0002,North,1102,134,1463,0.71,431,1291,240,2020,4133448
CRIME_0003,West,2396,2790,1162,0.38,439,731,672,2015,2223840
CRIME_0004,West,2064,2709,224,0.34,438,522,468,2020,3289402
CRIME_0005,Northeast,2556,1894,1700,0.85,232,751,799,2022,4105614
CRIME_0006,Northeast,287,2769,763,0.57,65,222,525,2022,1186580
CRIME_0007,North,908,1417,959,0.77,90,1554,456,2016,929410
CRIME_0008,Central,364,2704,1811,0.78,280,1357,729,2021,600416
CRIME_0009,West,3815,1825,957,0.65,183,1103,510,2018,1542551
CRIME_0010,Northeast,2132,625,1841,0.52,243,386,769,2020,3131689
CRIME_0011,Southeast,1995,1225,1090,0.31,282,1243,590,2024,1934824
CRIME_0012,North,4094,645,910,0.6,427,1355,553,2019,3435806
CRIME_0013,South,1206,1744,1878,0.6,254,135,720,2023,3290409
CRIME_0014,West,518,1914,533,0.73,463,1635,382,2019,3405820
CRIME_0015,Northeast,1907,1252,1375,0.79,466,111,279,2020,3628798
CRIME_0016,South,3241,1565,1961,0.76,261,696,500,2016,3658793
CRIME_0017,Southeast,3068,1661,155,0.72,393,1432,250,2015,3937427
CRIME_0018,Southeast,4007,2369,997,0.4,293,567,721,2017,1428565
CRIME_0019,West,1084,1580,591,0.65,456,1780,592,2021,4939105
CRIME_0020,South,646,1349,546,0.8,271,1341,617,2016,4850064
CRIME_0021,East,1229,1776,345,0.42,114,221,626,2017,4395414
CRIME_0022,North,729,893,690,0.71,99,642,496,2022,3691998
CRIME_0023,Northeast,528,2313,1073,0.32,83,761,179,2021,847429
CRIME_0024,South,4758,2337,412,0.54,373,1889,82,2015,1425543
CRIME_0025,West,745,1660,558,0.39,193,250,102,2022,2633105
CRIME_0026,South,2985,2888,1861,0.73,132,1320,390,2017,4504575
CRIME_0027,East,2082,480,1625,0.84,322,541,571,2024,4478693
CRIME_0028,West,4032,1546,945,0.33,245,1204,166,2019,976364
CRIME_0029,Southeast,4707,2059,1990,0.6,391,1226,454,2022,935618
CRIME_0030,North,2022,1888,230,0.37,240,116,109,2020,3471820
CRIME_0031,Southeast,2597,948,1196,0.75,259,1233,370,2017,3597546
CRIME_0032,Southeast,1503,1053,1936,0.49,57,1510,152,2023,3464025
CRIME_0033,East,1946,2202,605,0.89,462,378,466,2020,349480
CRIME_0034,East,612,1919,1607,0.65,231,278,335,2022,2509467
CRIME_0035,Central,3769,506,1882,0.72,341,388,485,2017,1792297
CRIME_0036,West,4285,155,283,0.81,145,122,227,2022,2524794
CRIME_0037,Southeast,3908,1473,56,0.58,164,364,369,2016,1052764
CRIME_0038,Central,3518,1901,944,0.89,105,1674,430,2022,438666
CRIME_0039,Central,179,2265,464,0.59,66,212,407,2019,3252197
CRIME_0040,Northeast,440,1955,1182,0.33,482,851,678,2024,1728774
CRIME_0041,East,429,92,1091,0.57,251,1783,769,2023,193887
CRIME_0042,Southeast,2875,1459,75,0.63,206,1193,199,2023,240492
CRIME_0043,Central,1095,1495,71,0.35,295,552,556,2018,2887175
CRIME_0044,West,1812,1859,615,0.47,481,882,305,2019,936112
CRIME_0045,North,2538,1846,994,0.63,42,704,751,2024,1044400
CRIME_0046,Central,1162,929,402,0.53,26,1315,467,2016,3551833
CRIME_0047,West,757,270,1441,0.81,122,488,83,2016,3800994
CRIME_0048,East,2806,1030,1969,0.84,427,1117,795,2018,366645
CRIME_0049,East,1682,2293,559,0.84,257,1993,387,2019,4433940
CRIME_0050,East,3924,2415,1340,0.44,72,1039,794,2023,1167095
CRIME_0051,North,1365,467,1042,0.47,292,1677,402,2015,1410180
CRIME_0052,West,2767,1099,1766,0.66,134,1875,723,2021,1409951
CRIME_0053,East,380,847,589,0.86,63,1660,21,2015,2839392
CRIME_0054,Northeast,4637,113,1437,0.55,386,1643,636,2022,1499341
CRIME_0055,South,4479,2553,1792,0.76,11,98,568,2016,1241887
CRIME_0056,South,1874,2579,1888,0.62,17,534,113,2023,1558512
CRIME_0057,Northeast,2092,626,1056,0.49,382,1529,469,2019,3606010
CRIME_0058,North,3049,1314,1081,0.6,178,1275,795,2023,3847531
CRIME_0059,Northeast,719,2232,332,0.34,471,674,398,2021,630252
CRIME_0060,West,4917,1270,159,0.41,287,1612,493,2024,2804448
CRIME_0061,North,2406,757,1729,0.4,135,421,41,2021,285209
CRIME_0062,Southeast,1235,368,338,0.68,169,398,199,2021,273202
CRIME_0063,West,2377,2816,1650,0.81,35,1485,522,2017,478398
CRIME_0064,West,2770,2857,56,0.52,399,1407,576,2024,2282559
CRIME_0065,Northeast,3543,2077,767,0.77,408,769,645,2015,768029
CRIME_0066,North,1416,2992,231,0.41,44,930,783,2020,4608172
CRIME_0067,Central,4602,2449,1613,0.32,156,559,614,2023,1421251
CRIME_0068,Northeast,1850,2580,1334,0.79,416,738,28,2021,345197
CRIME_0069,Southeast,4943,1139,102,0.46,14,370,453,2019,3398578
CRIME_0070,East,4346,1434,286,0.74,142,493,345,2024,1238123
CRIME_0071,North,376,2328,150,0.63,254,314,677,2016,1718186
CRIME_0072,East,849,495,398,0.73,472,433,401,2017,2376219
CRIME_0073,East,799,1490,1033,0.8,299,498,641,2023,1664871
CRIME_0074,South,208,2099,655,0.47,499,1760,111,2022,408071
CRIME_0075,Southeast,4625,925,137,0.63,128,406,678,2016,4512664
CRIME_0076,North,4737,587,489,0.38,479,843,332,2020,1556562
CRIME_0077,South,676,1540,667,0.86,16,110,177,2022,4687167
CRIME_0078,South,456,948,128,0.85,188,325,640,2016,2990846
CRIME_0079,Central,1331,809,75,0.3,368,932,131,2017,4105438
CRIME_0080,West,1708,2776,1620,0.36,221,1416,262,2021,2427797
CRIME_0081,Central,3185,2176,1969,0.7,120,1445,289,2018,2959572
CRIME_0082,West,2670,633,1948,0.7,236,486,680,2023,4983465
CRIME_0083,Central,1274,1729,1440,0.5,96,1648,541,2023,4888286
CRIME_0084,South,3748,2606,101,0.86,256,334,538,2023,4590027
CRIME_0085,West,3499,1818,346,0.31,111,975,367,2018,3821775
CRIME_0086,Northeast,594,1647,139,0.7,161,1579,200,2024,589166
CRIME_0087,Central,4207,1201,1369,0.37,198,110,353,2018,3034479
CRIME_0088,Central,1154,2894,1064,0.85,283,237,767,2015,1353209
CRIME_0089,North,1920,1703,1905,0.59,29,286,363,2016,1197504
CRIME_0090,Northeast,1039,2588,1562,0.42,148,1264,106,2019,1017536
CRIME_0091,Northeast,2069,593,1288,0.46,191,1536,192,2016,1324237
CRIME_0092,East,4816,2206,400,0.64,423,1518,620,2022,4348421
CRIME_0093,Northeast,4814,2875,718,0.38,89,168,42,2024,4423164
CRIME_0094,Central,1269,1210,1240,0.52,185,1890,671,2015,4670296
CRIME_0095,Northeast,2881,1370,1939,0.59,172,1950,594,2016,1574458
CRIME_0096,Southeast,992,2050,612,0.53,489,1948,239,2015,4879368
CRIME_0097,North,1107,1616,1395,0.73,17,458,254,2022,2117769
CRIME_0098,Southeast,703,1465,300,0.87,348,1753,71,2015,4507136
CRIME_0099,West,1074,2642,1270,0.49,161,661,536,2017,4987296
CRIME_0100,Central,3641,1795,649,0.46,342,892,303,2018,3956746
CRIME_0101,East,470,1180,705,0.79,292,540,248,2020,767579
CRIME_0102,North,2164,314,1863,0.55,17,1563,561,2015,262741
CRIME_0103,West,4220,1246,879,0.76,34,1308,31,2020,598806
CRIME_0104,Northeast,3341,1923,1317,0.79,99,1288,705,2019,763236
CRIME_0105,North,4350,229,205,0.33,130,1726,660,2015,3622613
CRIME_0106,Central,4601,375,404,0.72,53,401,569,2015,4446999
CRIME_0107,North,3390,2418,1986,0.46,448,1908,674,2020,4542996
CRIME_0108,North,2191,2970,181,0.48,188,1260,181,2018,1247588
CRIME_0109,South,4450,135,612,0.49,392,820,268,2018,3724030
CRIME_0110,Central,3444,78,600,0.7,485,292,457,2015,3674774
CRIME_0111,Northeast,4579,2496,902,0.51,76,1111,778,2017,3109844
CRIME_0112,Southeast,3447,524,1587,0.75,132,1299,609,2021,1548016
CRIME_0113,Southeast,1718,188,1114,0.66,331,1408,446,2017,3617536
CRIME_0114,East,4549,2305,1848,0.36,233,139,749,2015,4030184
CRIME_0115,North,4999,1907,1129,0.44,386,1929,266,2023,4550977
CRIME_0116,West,1613,334,647,0.79,381,231,785,2020,2552323
CRIME_0117,South,2207,1409,914,0.77,17,1456,60,2024,1264348
CRIME_0118,North,1991,1063,1274,0.9,350,982,516,2024,1107901
CRIME_0119,South,1000,945,855,0.81,178,451,603,2020,2591964
CRIME_0120,East,1438,2205,1919,0.87,440,1101,639,2023,3580825
CRIME_0121,Central,2332,2642,1969,0.54,42,1249,329,2020,906436
CRIME_0122,Southeast,226,2845,1328,0.89,492,915,733,2016,4157786
CRIME_0123,Central,3186,2532,181,0.31,48,814,730,2020,3538350
CRIME_0124,Northeast,2176,1143,717,0.48,195,345,508,2021,3212843
CRIME_0125,Northeast,4151,1263,486,0.6,108,1622,201,2017,3464903
CRIME_0126,South,959,1699,1076,0.83,134,700,439,2018,1308889
CRIME_0127,West,2556,1859,1821,0.54,47,466,390,2016,1129879
CRIME_0128,Central,109,2499,1910,0.88,26,1071,193,2016,571030
CRIME_0129,North,747,1929,1663,0.7,41,1529,479,2020,3330903
CRIME_0130,Northeast,4385,204,1832,0.5,144,967,100,2022,1438232
CRIME_0131,Central,994,2130,946,0.61,52,212,342,2023,311302
CRIME_0132,Central,3451,2054,614,0.68,78,697,661,2023,1643612
CRIME_0133,South,3391,1369,1504,0.85,204,712,490,2022,3324492
CRIME_0134,Southeast,1275,370,289,0.51,486,160,638,2020,1203484
CRIME_0135,North,3044,457,587,0.59,420,1766,560,2016,3208935
CRIME_0136,South,2712,1011,1288,0.66,103,1090,730,2022,2679184
CRIME_0137,North,2845,133,1161,0.63,77,1721,119,2022,1070488
CRIME_0138,North,2894,1512,1452,0.36,387,1945,33,2017,631512
CRIME_0139,Northeast,783,1366,1569,0.4,225,835,362,2018,2462485
CRIME_0140,South,1108,2483,571,0.65,457,447,759,2017,4158935
CRIME_0141,East,3038,2985,1979,0.75,500,1909,589,2023,4319661
CRIME_0142,East,3884,591,1572,0.59,450,917,24,2017,4289617
CRIME_0143,West,432,1515,1832,0.44,218,924,673,2017,3308064
CRIME_0144,West,1654,466,564,0.53,45,1861,21,2019,1508991
CRIME_0145,South,3777,2395,1042,0.54,389,298,41,2020,4057755
CRIME_0146,North,249,1523,1604,0.63,362,1701,317,2022,1207221
CRIME_0147,Central,3108,1296,1380,0.6,341,709,125,2021,4293832
CRIME_0148,Southeast,4696,2536,136,0.67,293,1360,115,2023,2815956
CRIME_0149,North,677,825,1718,0.67,19,1502,526,2018,1376818
CRIME_0150,Central,1174,174,408,0.77,330,746,435,2019,3487971
CRIME_0151,North,1856,2188,930,0.75,192,1991,325,2021,2090063
CRIME_0152,East,146,509,1313,0.9,124,1398,576,2018,1156617
CRIME_0153,Central,1937,166,261,0.75,44,855,272,2020,2388821
CRIME_0154,East,2817,2066,1981,0.34,357,1965,625,2021,2851883
CRIME_0155,North,1342,356,220,0.62,52,1708,126,2015,1653732
CRIME_0156,West,2402,2481,845,0.8,481,556,449,2021,1270663
CRIME_0157,Southeast,2158,2664,763,0.59,119,1384,57,2024,3900634
CRIME_0158,Central,2743,949,1432,0.4,44,1417,550,2020,1052449
CRIME_0159,West,2481,2963,424,0.88,164,842,346,2016,863364
CRIME_0160,South,3413,365,448,0.76,264,1955,210,2020,132712
CRIME_0161,East,3320,351,1577,0.8,361,278,397,2016,1871776
CRIME_0162,West,4685,2455,1570,0.61,175,1093,657,2021,4475083
CRIME_0163,Northeast,2575,957,1701,0.88,100,168,770,2024,3934988
CRIME_0164,West,148,2977,683,0.43,272,285,398,2021,2807129
CRIME_0165,Northeast,209,222,418,0.63,430,1520,335,2019,2441550
CRIME_0166,Central,1814,2372,1087,0.5,171,994,244,2021,3498512
CRIME_0167,Central,2095,1863,497,0.67,423,1174,761,2019,3054931
CRIME_0168,Northeast,3317,1669,1285,0.79,112,1582,515,2018,2847389
CRIME_0169,East,3524,1051,1622,0.85,23,1686,240,2016,4038754
CRIME_0170,Northeast,327,2786,1700,0.38,256,148,244,2019,4802368
CRIME_0171,Central,251,1767,374,0.64,499,1065,558,2020,4022523
CRIME_0172,West,3689,1726,1528,0.58,90,73,740,2022,2738905
CRIME_0173,Southeast,940,2992,1162,0.32,146,949,789,2021,3362337
CRIME_0174,South,4850,2304,934,0.7,333,106,396,2021,2337079
CRIME_0175,South,1140,1700,889,0.67,372,329,172,2022,2759877
CRIME_0176,Southeast,359,750,1682,0.75,27,1250,213,2015,1417185
CRIME_0177,East,978,544,1291,0.62,459,312,43,2016,2441484
CRIME_0178,Southeast,3155,502,1703,0.5,91,203,469,2020,2416490
CRIME_0179,South,4692,2469,1998,0.43,420,586,237,2022,3016430
CRIME_0180,West,1831,1352,1011,0.61,227,945,482,2020,650926
CRIME_0181,Southeast,2074,1860,1911,0.39,395,691,605,2020,2734436
CRIME_0182,Southeast,4510,982,1057,0.87,410,1519,258,2022,2902171
CRIME_0183,Central,1073,1136,1622,0.49,346,1331,703,2021,4380123
CRIME_0184,North,699,430,716,0.47,268,540,65,2021,4432767
CRIME_0185,West,4381,1288,537,0.81,67,1262,225,2020,2353603
CRIME_0186,Central,3366,857,1806,0.78,309,400,560,2015,3974131
CRIME_0187,South,3502,1791,1071,0.57,125,1531,384,2017,3007956
CRIME_0188,Northeast,434,2869,1419,0.45,262,1399,706,2022,871870
CRIME_0189,Southeast,1177,2919,1755,0.42,437,1716,478,2023,4507257
CRIME_0190,Northeast,4837,2469,110,0.75,63,1248,349,2024,4811114
CRIME_0191,South,2795,1529,479,0.63,357,981,725,2022,848752
CRIME_0192,Central,1489,2695,1662,0.69,54,1867,743,2017,3734377
CRIME_0193,Southeast,2444,1522,1984,0.73,197,1537,153,2021,4267342
CRIME_0194,Central,4390,705,1764,0.76,114,1726,492,2017,1604525
CRIME_0195,Southeast,2272,2495,1487,0.79,222,1350,388,2021,3182516
CRIME_0196,West,1148,374,282,0.8,222,380,250,2022,2089002
CRIME_0197,West,4130,1328,1814,0.62,126,1755,380,2023,2001170
CRIME_0198,Northeast,1517,2838,1659,0.4,124,1104,339,2020,2606043
CRIME_0199,South,133,933,1273,0.55,219,1902,778,2016,2196622
