decision_id,judge_name,case_type,plaintiff_won,decision_time_days,case_complexity,judge_experience_years,appeal_filed,appeal_success,year
JUDGE_0000,Judge_28,Criminal,1,469,Low,19,0,,2019
JUDGE_0001,Judge_13,Criminal,1,340,Medium,25,1,1.0,2018
JUDGE_0002,Judge_2,Corporate,0,396,Low,25,1,,2018
JUDGE_0003,Judge_25,Criminal,0,520,Medium,34,1,1.0,2015
JUDGE_0004,Judge_6,Corporate,0,538,Medium,31,0,,2023
JUDGE_0005,Judge_31,Civil,0,75,Medium,12,1,,2018
JUDGE_0006,Judge_2,Family,0,436,High,23,1,,2018
JUDGE_0007,Judge_27,Criminal,0,195,High,18,1,,2021
JUDGE_0008,Judge_44,Family,0,88,High,19,1,,2021
JUDGE_0009,Judge_39,Civil,0,452,Low,14,0,1.0,2015
JUDGE_0010,Judge_45,Family,0,181,Low,6,0,1.0,2021
JUDGE_0011,Judge_29,Family,0,559,High,23,1,1.0,2023
JUDGE_0012,Judge_17,Family,1,348,Low,40,0,0.0,2024
JUDGE_0013,Judge_20,Civil,1,614,High,24,0,1.0,2017
JUDGE_0014,Judge_13,Criminal,1,549,High,28,1,1.0,2024
JUDGE_0015,Judge_23,Family,0,31,Low,33,1,,2022
JUDGE_0016,Judge_39,Civil,1,165,Medium,31,1,,2023
JUDGE_0017,Judge_44,Corporate,1,158,High,16,1,,2016
JUDGE_0018,Judge_2,Civil,0,713,Medium,37,0,,2018
JUDGE_0019,Judge_40,Civil,0,304,Low,18,0,0.0,2020
JUDGE_0020,Judge_40,Family,1,454,High,37,1,,2019
JUDGE_0021,Judge_19,Family,1,313,Low,37,0,0.0,2015
JUDGE_0022,Judge_7,Corporate,0,159,Medium,27,1,,2022
JUDGE_0023,Judge_1,Criminal,0,119,Low,26,1,0.0,2018
JUDGE_0024,Judge_24,Civil,1,354,Medium,7,1,1.0,2015
JUDGE_0025,Judge_5,Corporate,1,139,Low,17,1,1.0,2023
JUDGE_0026,Judge_14,Criminal,0,270,Low,32,1,0.0,2024
JUDGE_0027,Judge_30,Civil,0,565,Medium,13,1,0.0,2015
JUDGE_0028,Judge_20,Criminal,0,591,Low,20,0,0.0,2016
JUDGE_0029,Judge_12,Civil,1,209,Low,14,1,0.0,2020
JUDGE_0030,Judge_19,Criminal,0,82,Medium,39,1,,2017
JUDGE_0031,Judge_34,Corporate,0,702,Low,39,0,1.0,2024
JUDGE_0032,Judge_44,Criminal,0,650,High,9,0,,2023
JUDGE_0033,Judge_36,Criminal,0,333,Low,8,1,,2023
JUDGE_0034,Judge_20,Family,0,565,Low,25,1,0.0,2017
JUDGE_0035,Judge_18,Corporate,0,78,High,5,0,,2021
JUDGE_0036,Judge_38,Family,0,378,Medium,18,1,1.0,2020
JUDGE_0037,Judge_43,Family,0,345,Medium,14,0,,2022
JUDGE_0038,Judge_20,Civil,0,118,High,25,1,1.0,2021
JUDGE_0039,Judge_10,Family,1,325,Low,11,0,0.0,2021
JUDGE_0040,Judge_40,Civil,0,531,Medium,15,1,1.0,2015
JUDGE_0041,Judge_29,Civil,1,521,High,14,0,0.0,2015
JUDGE_0042,Judge_7,Family,0,442,Low,24,1,,2024
JUDGE_0043,Judge_40,Corporate,0,649,Medium,34,0,1.0,2023
JUDGE_0044,Judge_14,Civil,1,71,Low,22,0,1.0,2024
JUDGE_0045,Judge_46,Criminal,0,482,High,11,0,1.0,2018
JUDGE_0046,Judge_17,Civil,0,52,Low,9,1,,2015
JUDGE_0047,Judge_12,Civil,1,273,High,17,1,0.0,2017
JUDGE_0048,Judge_34,Family,1,725,High,27,1,1.0,2022
JUDGE_0049,Judge_5,Criminal,0,234,High,19,0,,2021
JUDGE_0050,Judge_18,Civil,1,600,High,24,1,1.0,2019
JUDGE_0051,Judge_7,Criminal,1,204,Medium,26,0,0.0,2016
JUDGE_0052,Judge_45,Corporate,1,441,Low,40,0,1.0,2023
JUDGE_0053,Judge_24,Criminal,1,466,Low,34,0,,2017
JUDGE_0054,Judge_9,Corporate,1,78,High,15,1,,2016
JUDGE_0055,Judge_4,Family,1,631,Medium,11,1,,2024
JUDGE_0056,Judge_18,Criminal,1,410,Medium,16,0,,2021
JUDGE_0057,Judge_30,Criminal,0,514,Medium,28,1,1.0,2022
JUDGE_0058,Judge_23,Family,0,620,Low,16,0,0.0,2023
JUDGE_0059,Judge_28,Civil,1,220,Medium,20,0,,2020
JUDGE_0060,Judge_9,Corporate,0,571,High,22,1,0.0,2021
JUDGE_0061,Judge_46,Corporate,1,216,Medium,6,1,0.0,2022
JUDGE_0062,Judge_23,Criminal,0,593,Low,5,1,1.0,2020
JUDGE_0063,Judge_40,Corporate,1,420,High,37,0,,2017
JUDGE_0064,Judge_37,Criminal,0,341,High,23,0,,2019
JUDGE_0065,Judge_14,Criminal,0,464,High,37,0,,2023
JUDGE_0066,Judge_10,Criminal,0,553,High,22,1,1.0,2023
JUDGE_0067,Judge_31,Criminal,1,257,High,20,0,1.0,2024
JUDGE_0068,Judge_32,Criminal,0,363,Low,40,0,1.0,2017
JUDGE_0069,Judge_44,Corporate,0,68,Low,37,0,0.0,2019
JUDGE_0070,Judge_12,Corporate,0,647,Low,10,1,,2019
JUDGE_0071,Judge_45,Corporate,1,487,Medium,39,1,1.0,2024
JUDGE_0072,Judge_33,Civil,0,562,High,34,1,0.0,2019
JUDGE_0073,Judge_39,Criminal,0,74,Medium,21,0,,2024
JUDGE_0074,Judge_24,Family,1,423,High,9,0,,2015
JUDGE_0075,Judge_40,Corporate,1,720,Low,9,0,,2020
JUDGE_0076,Judge_1,Criminal,0,565,High,7,0,1.0,2022
JUDGE_0077,Judge_38,Criminal,1,400,Medium,15,0,,2022
JUDGE_0078,Judge_45,Corporate,0,78,High,24,0,1.0,2023
JUDGE_0079,Judge_33,Civil,0,67,High,11,1,,2021
JUDGE_0080,Judge_46,Civil,1,186,High,22,1,1.0,2022
JUDGE_0081,Judge_8,Family,0,679,Low,6,1,0.0,2019
JUDGE_0082,Judge_48,Criminal,0,572,Medium,36,0,,2023
JUDGE_0083,Judge_13,Civil,1,677,Medium,10,1,,2018
JUDGE_0084,Judge_31,Civil,1,468,High,18,1,,2021
JUDGE_0085,Judge_19,Family,1,193,Medium,21,0,0.0,2022
JUDGE_0086,Judge_36,Criminal,0,625,High,17,1,0.0,2021
JUDGE_0087,Judge_8,Corporate,1,332,High,5,1,0.0,2017
JUDGE_0088,Judge_4,Criminal,0,268,High,13,0,1.0,2020
JUDGE_0089,Judge_18,Criminal,0,325,High,22,1,1.0,2022
JUDGE_0090,Judge_9,Corporate,0,449,Medium,32,1,1.0,2021
JUDGE_0091,Judge_5,Family,0,245,High,39,0,0.0,2016
JUDGE_0092,Judge_46,Civil,0,720,High,21,0,0.0,2023
JUDGE_0093,Judge_5,Corporate,1,457,High,5,0,,2022
JUDGE_0094,Judge_11,Criminal,0,709,Medium,11,0,1.0,2021
JUDGE_0095,Judge_35,Corporate,1,387,High,21,1,0.0,2024
JUDGE_0096,Judge_44,Criminal,0,693,Medium,31,1,1.0,2018
JUDGE_0097,Judge_47,Family,0,552,Low,31,0,0.0,2022
JUDGE_0098,Judge_11,Family,0,250,High,7,0,1.0,2018
JUDGE_0099,Judge_26,Criminal,0,634,Medium,34,1,,2023
JUDGE_0100,Judge_38,Corporate,1,394,Medium,30,0,1.0,2023
JUDGE_0101,Judge_18,Corporate,1,556,Medium,40,1,1.0,2018
JUDGE_0102,Judge_15,Family,1,530,Low,27,0,1.0,2019
JUDGE_0103,Judge_10,Family,1,117,High,28,0,0.0,2019
JUDGE_0104,Judge_32,Criminal,1,569,High,27,0,0.0,2024
JUDGE_0105,Judge_21,Corporate,0,304,High,37,1,,2017
JUDGE_0106,Judge_17,Criminal,1,511,Medium,38,0,0.0,2024
JUDGE_0107,Judge_26,Civil,1,390,High,37,1,0.0,2020
JUDGE_0108,Judge_15,Criminal,1,271,High,21,0,,2020
JUDGE_0109,Judge_11,Family,1,160,Medium,14,0,0.0,2024
JUDGE_0110,Judge_31,Civil,0,359,High,9,1,,2021
JUDGE_0111,Judge_18,Criminal,1,36,Low,10,0,,2023
JUDGE_0112,Judge_48,Family,1,721,High,5,1,,2016
JUDGE_0113,Judge_23,Civil,0,221,Medium,15,1,,2024
JUDGE_0114,Judge_20,Civil,1,491,High,14,1,0.0,2022
JUDGE_0115,Judge_28,Corporate,0,503,Medium,23,0,,2024
JUDGE_0116,Judge_4,Corporate,1,676,Low,17,0,,2020
JUDGE_0117,Judge_38,Family,0,315,Low,22,1,1.0,2016
JUDGE_0118,Judge_42,Family,1,600,High,19,1,0.0,2016
JUDGE_0119,Judge_9,Corporate,0,495,Medium,23,0,0.0,2024
JUDGE_0120,Judge_10,Civil,0,389,Medium,25,1,0.0,2015
JUDGE_0121,Judge_33,Criminal,1,504,Low,38,0,0.0,2018
JUDGE_0122,Judge_39,Criminal,1,681,High,19,1,1.0,2024
JUDGE_0123,Judge_46,Family,1,629,Medium,24,1,0.0,2023
JUDGE_0124,Judge_14,Corporate,1,444,Medium,5,1,,2018
JUDGE_0125,Judge_10,Corporate,0,102,Medium,39,0,1.0,2020
JUDGE_0126,Judge_3,Criminal,0,653,Low,38,0,1.0,2017
JUDGE_0127,Judge_32,Criminal,0,137,Low,28,1,1.0,2016
JUDGE_0128,Judge_22,Criminal,0,536,Low,35,0,,2018
JUDGE_0129,Judge_1,Criminal,0,149,High,32,1,1.0,2023
JUDGE_0130,Judge_44,Civil,1,361,High,8,1,0.0,2024
JUDGE_0131,Judge_38,Criminal,0,390,High,16,1,0.0,2016
JUDGE_0132,Judge_13,Civil,0,356,Medium,27,0,1.0,2022
JUDGE_0133,Judge_29,Criminal,0,467,High,15,1,1.0,2022
JUDGE_0134,Judge_19,Criminal,0,59,Low,35,0,1.0,2023
JUDGE_0135,Judge_45,Corporate,1,365,Low,6,1,0.0,2022
JUDGE_0136,Judge_21,Civil,0,556,High,25,0,0.0,2022
JUDGE_0137,Judge_23,Criminal,0,388,Low,27,0,,2018
JUDGE_0138,Judge_50,Corporate,0,557,High,6,1,0.0,2024
JUDGE_0139,Judge_47,Family,0,191,Low,35,1,0.0,2024
JUDGE_0140,Judge_37,Criminal,0,496,High,31,0,1.0,2017
JUDGE_0141,Judge_32,Family,1,286,Low,29,0,1.0,2022
JUDGE_0142,Judge_32,Criminal,1,227,Low,14,0,,2019
JUDGE_0143,Judge_49,Family,1,344,Low,5,0,1.0,2015
JUDGE_0144,Judge_43,Civil,0,263,Low,11,0,,2023
JUDGE_0145,Judge_11,Civil,1,728,Medium,39,0,0.0,2017
JUDGE_0146,Judge_25,Family,1,494,High,22,0,,2020
JUDGE_0147,Judge_10,Civil,1,374,Low,36,0,,2018
JUDGE_0148,Judge_35,Corporate,1,604,Medium,10,1,0.0,2015
JUDGE_0149,Judge_30,Family,1,103,Low,34,1,1.0,2016
JUDGE_0150,Judge_32,Civil,1,126,Medium,35,0,0.0,2015
JUDGE_0151,Judge_29,Family,1,287,Medium,31,1,,2022
JUDGE_0152,Judge_19,Civil,0,649,Low,35,1,0.0,2018
JUDGE_0153,Judge_25,Criminal,1,38,Low,24,1,1.0,2016
JUDGE_0154,Judge_16,Family,1,368,High,10,0,0.0,2017
JUDGE_0155,Judge_4,Family,1,339,Medium,37,1,,2022
JUDGE_0156,Judge_14,Civil,0,369,High,22,1,,2019
JUDGE_0157,Judge_49,Civil,1,164,High,13,0,0.0,2017
JUDGE_0158,Judge_44,Civil,0,707,Low,12,1,0.0,2022
JUDGE_0159,Judge_50,Family,0,271,Low,19,1,1.0,2015
JUDGE_0160,Judge_31,Family,1,506,High,36,1,1.0,2022
JUDGE_0161,Judge_28,Family,1,213,High,29,1,0.0,2020
JUDGE_0162,Judge_24,Family,1,364,High,19,1,,2018
JUDGE_0163,Judge_31,Family,1,189,Low,15,0,,2022
JUDGE_0164,Judge_24,Family,1,315,High,5,0,,2016
JUDGE_0165,Judge_44,Criminal,0,64,Medium,18,0,1.0,2023
JUDGE_0166,Judge_3,Civil,0,294,Medium,38,0,,2018
JUDGE_0167,Judge_39,Corporate,0,456,Low,17,0,1.0,2018
JUDGE_0168,Judge_25,Corporate,1,720,Low,21,1,,2015
JUDGE_0169,Judge_26,Criminal,0,79,Low,38,0,0.0,2020
JUDGE_0170,Judge_9,Corporate,0,540,Low,23,1,1.0,2021
JUDGE_0171,Judge_21,Criminal,0,77,High,9,0,,2019
JUDGE_0172,Judge_22,Criminal,1,40,High,6,0,1.0,2016
JUDGE_0173,Judge_13,Corporate,1,63,High,37,1,1.0,2017
JUDGE_0174,Judge_11,Criminal,1,709,Medium,9,1,0.0,2016
JUDGE_0175,Judge_7,Corporate,0,69,Medium,27,1,1.0,2017
JUDGE_0176,Judge_10,Civil,0,528,Medium,39,0,1.0,2017
JUDGE_0177,Judge_47,Civil,0,160,Medium,34,0,,2022
JUDGE_0178,Judge_8,Civil,0,119,Low,37,1,0.0,2017
JUDGE_0179,Judge_46,Criminal,1,578,Medium,14,1,,2015
JUDGE_0180,Judge_49,Corporate,1,359,Low,30,1,1.0,2023
JUDGE_0181,Judge_47,Family,1,275,High,32,1,,2020
JUDGE_0182,Judge_48,Criminal,0,437,Medium,38,0,,2020
JUDGE_0183,Judge_30,Criminal,0,327,Medium,20,0,1.0,2015
JUDGE_0184,Judge_19,Family,1,482,Low,28,1,1.0,2020
JUDGE_0185,Judge_23,Family,1,729,Low,13,0,0.0,2023
JUDGE_0186,Judge_23,Family,1,552,Medium,27,0,0.0,2020
JUDGE_0187,Judge_11,Criminal,1,625,Medium,14,1,0.0,2024
JUDGE_0188,Judge_10,Family,1,508,High,38,0,1.0,2019
JUDGE_0189,Judge_48,Criminal,1,294,High,31,0,1.0,2021
JUDGE_0190,Judge_26,Corporate,0,629,Medium,12,1,,2016
JUDGE_0191,Judge_46,Civil,1,360,High,19,1,0.0,2022
JUDGE_0192,Judge_28,Civil,0,391,Medium,26,1,,2020
JUDGE_0193,Judge_14,Family,1,652,High,15,0,,2024
JUDGE_0194,Judge_50,Criminal,1,432,Medium,25,0,0.0,2019
JUDGE_0195,Judge_44,Corporate,1,151,Low,26,0,1.0,2024
JUDGE_0196,Judge_21,Criminal,0,85,Medium,39,0,1.0,2015
JUDGE_0197,Judge_26,Corporate,1,234,High,15,0,,2021
JUDGE_0198,Judge_25,Criminal,1,677,Medium,34,0,0.0,2017
JUDGE_0199,Judge_5,Civil,0,582,High,12,1,1.0,2020
JUDGE_0200,Judge_23,Criminal,1,42,High,7,0,1.0,2024
JUDGE_0201,Judge_34,Criminal,1,199,Medium,29,0,1.0,2015
JUDGE_0202,Judge_41,Corporate,1,68,High,11,1,,2023
JUDGE_0203,Judge_16,Civil,1,374,Low,19,0,0.0,2015
JUDGE_0204,Judge_2,Family,0,240,Medium,34,0,,2020
JUDGE_0205,Judge_40,Corporate,1,119,High,6,1,0.0,2020
JUDGE_0206,Judge_46,Civil,1,141,Medium,38,0,0.0,2022
JUDGE_0207,Judge_24,Family,0,395,Medium,5,0,0.0,2023
JUDGE_0208,Judge_40,Family,1,475,High,31,0,,2023
JUDGE_0209,Judge_24,Corporate,0,96,Medium,23,0,,2016
JUDGE_0210,Judge_41,Family,1,180,Low,12,0,0.0,2018
JUDGE_0211,Judge_2,Corporate,1,663,Low,33,1,,2021
JUDGE_0212,Judge_1,Corporate,1,506,Medium,9,0,1.0,2024
JUDGE_0213,Judge_1,Corporate,1,613,Medium,36,0,,2023
JUDGE_0214,Judge_27,Criminal,0,670,Low,19,1,0.0,2023
JUDGE_0215,Judge_41,Criminal,1,91,High,13,1,,2020
JUDGE_0216,Judge_33,Civil,0,403,Medium,28,1,1.0,2023
JUDGE_0217,Judge_36,Civil,0,428,Low,24,0,,2021
JUDGE_0218,Judge_32,Civil,1,570,Low,15,1,0.0,2019
JUDGE_0219,Judge_8,Corporate,0,392,Medium,26,1,0.0,2017
JUDGE_0220,Judge_8,Civil,1,556,High,7,1,1.0,2019
JUDGE_0221,Judge_8,Corporate,1,633,Medium,5,0,0.0,2024
JUDGE_0222,Judge_38,Family,1,117,Low,34,1,,2024
JUDGE_0223,Judge_28,Family,0,186,Medium,32,0,0.0,2024
JUDGE_0224,Judge_3,Criminal,1,150,Medium,29,0,1.0,2016
JUDGE_0225,Judge_20,Civil,0,233,Medium,15,1,,2022
JUDGE_0226,Judge_23,Corporate,1,86,Medium,5,0,0.0,2018
JUDGE_0227,Judge_30,Criminal,1,577,Medium,6,0,0.0,2022
JUDGE_0228,Judge_38,Civil,0,38,Medium,39,0,0.0,2019
JUDGE_0229,Judge_19,Civil,0,437,High,25,0,0.0,2023
JUDGE_0230,Judge_40,Corporate,0,532,Low,34,0,,2019
JUDGE_0231,Judge_44,Criminal,1,575,Low,39,1,1.0,2016
JUDGE_0232,Judge_44,Corporate,0,675,Medium,35,1,1.0,2016
JUDGE_0233,Judge_11,Criminal,1,602,Low,40,1,0.0,2024
JUDGE_0234,Judge_8,Corporate,1,356,Low,11,0,,2023
JUDGE_0235,Judge_17,Family,0,40,Medium,23,0,,2020
JUDGE_0236,Judge_20,Criminal,0,170,High,37,0,0.0,2015
JUDGE_0237,Judge_15,Criminal,0,371,High,36,1,,2022
JUDGE_0238,Judge_37,Civil,1,177,Low,8,0,0.0,2018
JUDGE_0239,Judge_17,Criminal,1,535,Low,19,0,0.0,2018
JUDGE_0240,Judge_41,Criminal,1,138,High,35,1,0.0,2015
JUDGE_0241,Judge_3,Corporate,1,182,Medium,5,1,,2017
JUDGE_0242,Judge_8,Criminal,1,613,Low,35,0,1.0,2015
JUDGE_0243,Judge_10,Family,0,401,High,29,0,,2016
JUDGE_0244,Judge_21,Criminal,1,584,High,6,1,1.0,2022
JUDGE_0245,Judge_14,Civil,1,68,Low,20,0,0.0,2018
JUDGE_0246,Judge_31,Criminal,1,113,Low,13,1,0.0,2023
JUDGE_0247,Judge_18,Civil,1,389,Medium,39,0,1.0,2018
JUDGE_0248,Judge_40,Family,0,580,High,5,1,1.0,2021
JUDGE_0249,Judge_3,Corporate,1,215,Medium,31,1,,2016
JUDGE_0250,Judge_36,Criminal,1,709,Low,11,1,1.0,2019
JUDGE_0251,Judge_37,Criminal,0,235,High,38,0,,2017
JUDGE_0252,Judge_2,Civil,1,450,High,14,1,,2023
JUDGE_0253,Judge_37,Criminal,0,527,High,32,0,0.0,2021
JUDGE_0254,Judge_26,Criminal,0,709,Low,24,1,1.0,2015
JUDGE_0255,Judge_31,Criminal,0,509,Low,25,0,1.0,2022
JUDGE_0256,Judge_24,Corporate,1,662,High,11,0,,2018
JUDGE_0257,Judge_31,Civil,1,346,High,15,1,,2018
JUDGE_0258,Judge_19,Civil,1,141,High,26,1,0.0,2022
JUDGE_0259,Judge_47,Corporate,0,498,Medium,20,1,1.0,2019
JUDGE_0260,Judge_29,Civil,0,504,Low,16,0,0.0,2024
JUDGE_0261,Judge_29,Corporate,0,491,Medium,34,1,1.0,2024
JUDGE_0262,Judge_29,Family,0,396,Medium,25,1,1.0,2015
JUDGE_0263,Judge_31,Family,0,117,High,18,0,1.0,2022
JUDGE_0264,Judge_24,Corporate,0,577,High,11,0,0.0,2016
JUDGE_0265,Judge_12,Corporate,1,551,Low,10,0,,2021
JUDGE_0266,Judge_14,Criminal,0,38,High,7,1,,2016
JUDGE_0267,Judge_37,Family,1,653,High,14,0,1.0,2020
JUDGE_0268,Judge_38,Civil,1,601,Low,15,0,1.0,2020
JUDGE_0269,Judge_33,Criminal,0,339,Low,11,0,,2020
JUDGE_0270,Judge_15,Corporate,0,109,High,39,1,,2019
JUDGE_0271,Judge_41,Family,0,549,Medium,10,1,,2023
JUDGE_0272,Judge_46,Criminal,1,507,Low,39,1,1.0,2018
JUDGE_0273,Judge_18,Corporate,0,168,Low,23,0,1.0,2016
JUDGE_0274,Judge_47,Corporate,0,706,Low,27,0,0.0,2024
JUDGE_0275,Judge_13,Criminal,0,74,High,32,1,,2023
JUDGE_0276,Judge_11,Civil,0,659,Low,18,0,0.0,2020
JUDGE_0277,Judge_15,Corporate,1,333,High,35,1,,2021
JUDGE_0278,Judge_27,Criminal,1,95,Low,11,0,1.0,2021
JUDGE_0279,Judge_31,Family,0,339,High,13,0,1.0,2017
