case_type,year,state,outcome
Bail,2018,Delhi,Granted
Bail,2018,Delhi,Granted
Bail,2018,Delhi,Granted
Bail,2018,Delhi,Granted
Bail,2018,Delhi,Granted
Bail,2018,Delhi,Granted
Bail,2018,Delhi,Granted
Bail,2018,Delhi,Granted
Bail,2018,Delhi,Granted
Bail,2018,Delhi,Granted
Bail,2018,Delhi,Granted
Bail,2018,Delhi,Granted
Bail,2018,Delhi,Granted
Bail,2018,Delhi,Granted
Bail,2018,Delhi,Granted
Bail,2018,Delhi,Granted
Bail,2018,Delhi,Granted
Bail,2018,Delhi,Granted
Bail,2018,Delhi,Granted
Bail,2018,Delhi,Granted
Bail,2018,Delhi,Granted
Bail,2018,Delhi,Granted
Bail,2018,Delhi,Granted
Bail,2018,Delhi,Granted
Bail,2018,Delhi,Granted
Bail,2018,Delhi,Granted
Bail,2018,Delhi,Granted
Bail,2018,Delhi,Granted
Bail,2018,Delhi,Granted
Bail,2018,Delhi,Granted
Bail,2018,Delhi,Granted
Bail,2018,Delhi,Granted
Bail,2018,Delhi,Granted
Bail,2018,Delhi,Granted
Bail,2018,Delhi,Granted
Bail,2018,Delhi,Granted
Bail,2018,Delhi,Granted
Bail,2018,Delhi,Granted
Bail,2018,Delhi,Granted
Bail,2018,Delhi,Granted
Bail,2018,Delhi,Granted
Bail,2018,Delhi,Granted
Bail,2018,Delhi,Granted
Bail,2018,Delhi,Granted
Bail,2018,Delhi,Granted
Bail,2018,Delhi,Granted
Bail,2018,Delhi,Granted
Bail,2018,Delhi,Granted
Bail,2018,Delhi,Granted
Bail,2018,Delhi,Granted
Bail,2018,Delhi,Granted
Bail,2018,Delhi,Granted
Bail,2018,Delhi,Granted
Bail,2018,Delhi,Granted
Bail,2018,Delhi,Granted
Bail,2018,Delhi,Granted
Bail,2018,Delhi,Granted
Bail,2018,Delhi,Granted
Bail,2018,Delhi,Granted
Bail,2018,Delhi,Granted
Bail,2018,Delhi,Granted
Bail,2018,Delhi,Granted
Bail,2018,Delhi,Granted
Bail,2018,Delhi,Granted
Bail,2018,Delhi,Granted
Bail,2018,Delhi,Granted
Bail,2018,Delhi,Granted
Bail,2018,Delhi,Granted
Bail,2018,Delhi,Granted
Bail,2018,Delhi,Granted
Bail,2018,Delhi,Granted
Bail,2018,Delhi,Granted
Bail,2018,Delhi,Granted
Bail,2018,Delhi,Granted
Bail,2018,Delhi,Granted
Bail,2018,Delhi,Granted
Bail,2018,Delhi,Granted
Bail,2018,Delhi,Granted
Bail,2018,Delhi,Granted
Bail,2018,Delhi,Granted
Bail,2018,Delhi,Granted
Bail,2018,Delhi,Granted
Bail,2018,Delhi,Granted
Bail,2018,Delhi,Granted
Bail,2018,Delhi,Granted
Bail,2018,Delhi,Granted
Bail,2018,Delhi,Granted
Bail,2018,Delhi,Granted
Bail,2018,Delhi,Granted
Bail,2018,Delhi,Granted
Bail,2018,Delhi,Granted
Bail,2018,Delhi,Granted
Bail,2018,Delhi,Granted
Bail,2018,Delhi,Granted
Bail,2018,Delhi,Granted
Bail,2018,Delhi,Granted
Bail,2018,Delhi,Granted
Bail,2018,Delhi,Granted
Bail,2018,Delhi,Granted
Bail,2018,Delhi,Granted
