text,label
Murder case,Criminal
Murder case,Criminal
Murder case,Criminal
Murder case,Criminal
Murder case,Criminal
Murder case,Criminal
Murder case,Criminal
Murder case,Criminal
Murder case,Criminal
Murder case,Criminal
Murder case,Criminal
Murder case,Criminal
Murder case,Criminal
Murder case,Criminal
Murder case,Criminal
Murder case,Criminal
Murder case,Criminal
Murder case,Criminal
Murder case,Criminal
Murder case,Criminal
Murder case,Criminal
Murder case,Criminal
Murder case,Criminal
Murder case,Criminal
Murder case,Criminal
Murder case,Criminal
Murder case,Criminal
Murder case,Criminal
Murder case,Criminal
Murder case,Criminal
Murder case,Criminal
Murder case,Criminal
Murder case,Criminal
Murder case,Criminal
Murder case,Criminal
Murder case,Criminal
Murder case,Criminal
Murder case,Criminal
Murder case,Criminal
Murder case,Criminal
Murder case,Criminal
Murder case,Criminal
Murder case,Criminal
Murder case,Criminal
Murder case,Criminal
Murder case,Criminal
Murder case,Criminal
Murder case,Criminal
Murder case,Criminal
Murder case,Criminal
Murder case,Criminal
Murder case,Criminal
Murder case,Criminal
Murder case,Criminal
Murder case,Criminal
Murder case,Criminal
Murder case,Criminal
Murder case,Criminal
Murder case,Criminal
Murder case,Criminal
Murder case,Criminal
Murder case,Criminal
Murder case,Criminal
Murder case,Criminal
Murder case,Criminal
Murder case,Criminal
Murder case,Criminal
Murder case,Criminal
Murder case,Criminal
Murder case,Criminal
Murder case,Criminal
Murder case,Criminal
Murder case,Criminal
Murder case,Criminal
Murder case,Criminal
Murder case,Criminal
Murder case,Criminal
Murder case,Criminal
Murder case,Criminal
Murder case,Criminal
Murder case,Criminal
Murder case,Criminal
Murder case,Criminal
Murder case,Criminal
Murder case,Criminal
Murder case,Criminal
Murder case,Criminal
Murder case,Criminal
Murder case,Criminal
Murder case,Criminal
Murder case,Criminal
Murder case,Criminal
Murder case,Criminal
Murder case,Criminal
Murder case,Criminal
Murder case,Criminal
Murder case,Criminal
Murder case,Criminal
Murder case,Criminal
Murder case,Criminal
